Journal Code,"Online
ISSN",Journal Title,Full Article Publication Charge,Unnamed: 4,Unnamed: 5,Discounted APC for Society Members,Unnamed: 7,Unnamed: 8,Unnamed: 9,Unnamed: 10
,,,USD $,GBP £,EUR €,USD $,GBP £,EUR €,,
ABAC,1467-6281,Abacus,2500,1667,2083,,,,,ABAC
ACEM,1553-2712,Academic Emergency Medicine,3000,2000,2500,,,,,ACEM
ACFI,1467-629X,Accounting & Finance,3000,2000,2500,,,,,ACFI
APR,1911-3838,Accounting Perspectives,2500,1650,2100,,,,,APR
AAS,1399-6576,Acta Anaesthesiologica Scandinavica,3800,2533,3167,,,,,AAS
AYA,2053-2733,Acta Crystallographica Section A: Foundations and Advances,3750,2950,3400,,,,,AYA
AYB,2052-5206,"Acta Crystallographica Section B: Structural Science, Crystal Engineering and Materials",3750,2950,3400,,,,,AYB
AYC,2053-2296,Acta Crystallographica Section C: Structural Chemistry,3600,2692,3047,,,,,AYC
AYD,2059-7983,Acta Crystallographica Section D: Structural Biology,3850,3000,3450,,,,,AYD
ACGS,1755-6724,Acta Geologica Sinica (English Edition),3000,2000,2500,,,,,ACGS
ANE,1600-0404,Acta Neurologica Scandinavica,4000,2650,3350,,,,,ANE
AOS,1755-3768,Acta Ophthalmologica,3950,2650,3300,1500,1000,1250,,AOS
APA,1651-2227,Acta Paediatrica: Nurturing the Child,3300,2200,2750,,,,,APA
APHA,1748-1716,Acta Physiologica,3700,2467,3083,,,,,APHA
ACPS,1600-0447,Acta Psychiatrica Scandinavica,3600,2400,3000,,,,,ACPS
AZO,1463-6395,Acta Zoologica,3000,2000,2500,,,,,AZO
ADD,1360-0443,Addiction,3700,2550,3150,,,,,ADD
ADB,1369-1600,Addiction Biology,3700,2450,3100,,,,,ADB
ADSP,2161-0029,Adultspan Journal,2500,1650,2100,,,,,ADSP
E771,2701-0198,Advanced Biology,3800,2550,3150,,,,,E771
ADC2,2578-0727,Advanced Control for Applications,2500,1650,2100,,,,,ADC2
AELM,2199-160X,Advanced Electronic Materials,4200,2800,3500,,,,,AELM
AENM,1614-6840,Advanced Energy Materials,5000,3333,4167,,,,,AENM
ADEM,1527-2648,Advanced Engineering Materials,4100,2750,3400,,,,,ADEM
ADFM,1616-3028,Advanced Functional Materials,5000,3750,4375,,,,,ADFM
AHM,2192-2659,Advanced Healthcare Materials,4200,2800,3500,,,,,AHM
ADMA,1521-4095,Advanced Materials,5000,3750,4375,,,,,ADMA
ADMI,2196-7350,Advanced Materials Interfaces,4200,2800,3500,,,,,ADMI
ADMT,2365-709X,Advanced Materials Technologies,4200,2800,3500,,,,,ADMT
ADOM,2195-1071,Advanced Optical Materials,4200,2800,3500,,,,,ADOM
QUTE,2511-9044,Advanced Quantum Technologies,3800,2550,3150,,,,,QUTE
ADSU,2366-7486,Advanced Sustainable Systems,3800,2550,3150,,,,,ADSU
ADSC,1615-4169,Advanced Synthesis & Catalysis,4000,2650,3350,,,,,ADSC
ADTS,2513-0390,Advanced Theory and Simulations,3800,2550,3150,,,,,ADTS
ADTP,2366-3987,Advanced Therapeutics,3800,2550,3150,,,,,ADTP
ACG2,2573-8461,Advances in Cell and Gene Therapy,2700,2080,2478,,,,,ACG2
AID2,2351-9800,Advances in Digestive Medicine,2000,1600,1800,,,,,AID2
AET2,2472-5390,AEM Education and Training,3000,2000,2500,,,,,AET2
AFDR,1467-8268,African Development Review,3300,2200,2750,,,,,AFDR
AJE,1365-2028,African Journal of Ecology,2700,1800,2250,,,,,AJE
AB,1098-2337,Aggressive Behavior,3300,2200,2750,,,,,AB
AGR,1520-6297,Agribusiness,2900,1900,2450,,,,,AGR
AFE,1461-9563,Agricultural and Forest Entomology,3600,2400,3000,,,,,AFE
AGEC,1574-0862,Agricultural Economics,3300,2200,2750,,,,,AGEC
AGJ2,1435-0645,Agronomy Journal,1000,800,900,,,,,AGJ2
AIC,1547-5905,AIChE Journal,4200,2800,3500,,,,,AIC
ACER,1530-0277,Alcoholism: Clinical & Experimental Research,3465,2300,2900,,,,,ACER
APT,1365-2036,Alimentary Pharmacology & Therapeutics,4500,3000,3750,,,,,APT
ALL,1398-9995,Allergy,4150,3100,3650,,,,,ALL
ALZ,1552-5279,Alzheimer's & Dementia,3000,2000,2500,,,,,ALZ
AMAN,1548-1433,American Anthropologist,3000,2000,2500,,,,,AMAN
ABLJ,1744-1714,American Business Law Journal,2500,1650,2100,,,,,ABLJ
AMET,1548-1425,American Ethnologist,3000,2000,2500,,,,,AMET
AJAE,1467-8276,American Journal of Agricultural Economics,3300,2200,2750,,,,,AJAE
AJB2,1537-2197,American Journal of Botany,1650,1250,1500,825,625,750,,AJB2
AJCP,1573-2770,American Journal of Community Psychology,2750,1800,2300,,,,,AJCP
AJH,1096-8652,American Journal of Hematology,4500,3000,3750,,,,,AJH
AJHB,1520-6300,American Journal of Human Biology,3600,2400,3000,,,,,AJHB
AJIM,1097-0274,American Journal of Industrial Medicine,3800,2533,3167,,,,,AJIM
AJMG,1552-4833,American Journal of Medical Genetics Part A,3600,2400,3000,,,,,AJMG
AJMB,1552-485X,American Journal of Medical Genetics Part B:Neuropsychiatric Genetics,3000,2000,2500,,,,,AJMB
AJMC,1552-4876,American Journal of Medical Genetics Part C:Seminars in Medical Genetics,3000,2000,2500,,,,,AJMC
AJPA,1096-8644,American Journal of Physical Anthropology,4200,2800,3500,,,,,AJPA
AJPS,1540-5907,American Journal of Political Science,3650,2450,3050,,,,,AJPS
AJP,1098-2345,American Journal of Primatology,3700,2467,3083,,,,,AJP
AJI,1600-0897,American Journal of Reproductive Immunology,3600,2400,3000,,,,,AJI
AJT,1600-6143,American Journal of Transplantation,4300,3010,3655,,,,,AJT
ANAE,1365-2044,Anaesthesia,3950,2650,3300,,,,,ANAE
ANR3,2637-3726,Anaesthesia Reports,1100,800,950,,,,,ANR3
ASAP,1530-2415,Analyses of Social Issues and Public Policy,3000,2000,2500,,,,,ASAP
ANSE,2629-2742,Analysis & Sensing,3500,2600,2900,,,,,ANSE
PHIB,2153-960X,Analytic Philosophy,2500,1667,2083,,,,,PHIB
AHE,1439-0264,"Anatomia, Histologia, Embryologia",2900,1933,2417,,,,,AHE
ASE,1935-9780,Anatomical Sciences Education,3000,2000,2500,,,,,ASE
AND,1439-0272,Andrologia,3300,2200,2750,,,,,AND
ANDR,2047-2927,Andrology,3000,2000,2500,,,,,ANDR
ANGE,1521-3757,Angewandte Chemie,5000,3350,4000,,,,,ANGE
ANIE,1521-3773,Angewandte Chemie International Edition,5000,3350,4000,,,,,ANIE
ACV,1469-1795,Animal Conservation,3700,2450,3100,,,,,ACV
AGE,1365-2052,Animal Genetics,3000,2000,2500,,,,,AGE
ASJ,1740-0929,Animal Science Journal,4000,2650,3350,,,,,ASJ
ANDP,1521-3889,Annalen der Physik,3800,2550,3150,,,,,ANDP
NAPA,2153-9588,Annals of Anthropological Practice,3000,2000,2500,,,,,NAPA
AAB,1744-7348,Annals of Applied Biology,3000,2000,2500,,,,,AAB
AHG,1469-1809,Annals of Human Genetics,2900,1933,2417,,,,,AHG
ANA,1531-8249,Annals of Neurology,3300,2200,2750,,,,,ANA
APCE,1467-8292,Annals of Public and Cooperative Economics,2500,1650,2100,,,,,APCE
NYAS,1749-6632,Annals of the New York Academy of Sciences,3900,2800,3350,,,,,NYAS
AEQ,1548-1492,Anthropology & Education Quarterly,3000,2000,2500,,,,,AEQ
ANHU,1548-1409,Anthropology and Humanism,3000,2000,2500,,,,,ANHU
ANOC,1556-3537,Anthropology of Consciousness,3000,2000,2500,,,,,ANOC
AWR,1548-1417,Anthropology of Work Review,3000,2000,2500,,,,,AWR
ANTH,1467-8322,Anthropology Today,3000,2000,2500,,,,,ANTH
ANTI,1467-8330,Antipode,3000,2000,2500,,,,,ANTI
ANS,1445-2197,ANZ Journal of Surgery,3100,2067,2583,,,,,ANS
AORN,1878-0369,AORN Journal,3000,2000,2500,,,,,AORN
APM,1600-0463,APMIS,3600,2400,3000,,,,,APM
ACP,1099-0720,Applied Cognitive Psychology,2500,1667,2083,,,,,ACP
AEPP,2040-5804,Applied Economic Perspectives and Policy,3300,2200,2750,,,,,AEPP
AOC,1099-0739,Applied Organometallic Chemistry,3300,2200,2750,,,,,AOC
APPS,1464-0597,Applied Psychology,3000,2000,2500,,,,,APPS
APHW,1758-0854,Applied Psychology: Health and Well-Being,3000,2000,2500,,,,,APHW
ASMB,1526-4025,Applied Stochastic Models in Business and Industry,3000,2000,2500,,,,,ASMB
AVSC,1654-109X,Applied Vegetation Science,3800,2533,3167,,,,,AVSC
ANU,1365-2095,Aquaculture Nutrition,3500,2333,2917,,,,,ANU
ARE,1365-2109,Aquaculture Research,3800,2550,3150,,,,,ARE
AQC,1099-0755,Aquatic Conservation: Marine and Freshwater Ecosystems,4050,2700,3350,,,,,AQC
AAE,1600-0471,Arabian Archaeology and Epigraphy,2500,1667,2083,,,,,AAE
ARP,1099-0763,Archaeological Prospection,2900,1950,2400,,,,,ARP
ARCO,1834-4453,Archaeology in Oceania,2500,1667,2083,,,,,ARCO
ARCM,1475-4754,Archaeometry,2600,1750,2150,,,,,ARCM
APAA,1551-8248,Archeological Papers of the American Anthropological Association,3000,2000,2500,,,,,APAA
ARDP,1521-4184,Archiv der Pharmazie,3000,2000,2500,,,,,ARDP
ARCH,1520-6327,Archives of Insect Biochemistry and Physiology,3300,2200,2750,,,,,ARCH
AREA,1475-4762,Area,3000,2000,2500,,,,,AREA
AHIS,1467-8365,Art History,3550,2250,3000,,,,,AHIS
ART,2326-5205,Arthritis & Rheumatology,4700,3550,4100,,,,,ART
ACR,2151-4658,Arthritis Care & Research,4400,2933,3667,,,,,ACR
AOR,1525-1594,Artificial Organs,3800,2550,3150,,,,,AOR
APHR,1744-7941,Asia Pacific Journal of Human Resources,2500,1667,2083,,,,,APHR
APV,1467-8373,Asia Pacific Viewpoint,2750,1850,2300,,,,,APV
ASEJ,1467-8381,Asian Economic Journal,2500,1650,2100,,,,,ASEJ
AEPR,1748-3131,Asian Economic Policy Review,2500,1650,2100,,,,,AEPR
ASJC,1934-6093,Asian Journal of Control,2500,1667,2083,,,,,ASJC
ASES,1758-5910,Asian Journal of Endoscopic Surgery,2500,1667,2083,,,,,ASES
AJOC,1522-2357,Asian Journal of Organic Chemistry,3500,2350,2900,,,,,AJOC
AJSP,1467-839X,Asian Journal of Social Psychology,2500,1667,2083,,,,,AJSP
ASPP,1943-0787,Asian Politics and Policy,2500,1650,2100,,,,,ASPP
ASWP,1753-1411,Asian Social Work and Policy Review,2500,1667,2083,,,,,ASWP
APEL,1467-8411,Asian-Pacific Economic Literature,2500,1667,2083,,,,,APEL
APJ,1932-2143,Asia-Pacific Journal of Chemical Engineering,2500,1650,2100,,,,,APJ
AJCO,1743-7563,Asia-Pacific Journal of Clinical Oncology,3200,2133,2667,,,,,AJCO
AJFS,2041-6156,Asia-Pacific Journal of Financial Studies,2500,1667,2083,,,,,AJFS
APPY,1758-5872,Asia-Pacific Psychiatry,2700,1800,2250,,,,,APPY
ASNA,1521-3994,Astronomische Nachrichten,3000,2000,2500,,,,,ASNA
AEC,1442-9993,Austral Ecology,3100,2067,2583,,,,,AEC
AEN,2052-1758,Austral Entomology,2500,1667,2083,,,,,AEN
AJD,1440-0960,Australasian Journal of Dermatology,3100,2050,2600,,,,,AJD
AJUM,2205-0140,Australasian Journal of Ultrasound in Medicine,3400,2250,2850,,,,,AJUM
AJAG,1741-6612,Australasian Journal on Ageing,3000,2000,2500,,,,,AJAG
ANZS,1467-842X,Australian & New Zealand Journal of Statistics,2700,1800,2250,,,,,ANZS
AUAR,1835-2561,Australian Accounting Review,2500,1667,2083,,,,,AUAR
ANZF,1467-8438,Australian and New Zealand Journal of Family Therapy,2500,1667,2083,,,,,ANZF
AJO,1479-828X,Australian and New Zealand Journal of Obstetrics and Gynaecology,3300,2200,2750,,,,,AJO
ADJ,1834-7819,Australian Dental Journal,2500,1667,2083,,,,,ADJ
AEHR,1467-8446,Australian Economic History Review,2500,1667,2083,,,,,AEHR
AEPA,1467-8454,Australian Economic Papers,2500,1667,2083,,,,,AEPA
AEJ,1747-4477,Australian Endodontic Journal,2500,1667,2083,,,,,AEJ
AJGW,1755-0238,Australian Journal of Grape and Wine Research,3700,2450,3100,,,,,AJGW
AJPH,1467-8497,Australian Journal of Politics and History,2500,2116,1870,,,,,AJPH
AUPA,1467-8500,Australian Journal of Public Administration,2500,1667,2083,,,,,AUPA
AJR,1440-1584,Australian Journal of Rural Health,2900,1933,2417,,,,,AJR
AJS4,1839-4655,Australian Journal of Social Issues,3000,2000,2500,,,,,AJS4
AOT,1440-1630,Australian Occupational Therapy Journal,3000,2000,2500,,,,,AOT
AVJ,1751-0813,Australian Veterinary Journal,3100,2067,2583,,,,,AVJ
AUR,1939-3806,Autism Research,3800,2533,3167,,,,,AUR
AWS2,2577-8161,AWWA Water Science,3000,2000,2500,2400,1600,2000,,AWS2
BCPT,1742-7843,Basic & Clinical Pharmacology & Toxicology,3800,2550,3150,,,,,BCPT
BRE,1365-2117,Basin Research,3600,2400,3000,,,,,BRE
BATT,2566-6223,Batteries & Supercaps,3500,2600,2900,,,,,BATT
BIN,1099-078X,Behavioral Interventions,2500,1667,2083,,,,,BIN
BSL,1099-0798,Behavioral Sciences & the Law,2500,1667,2083,,,,,BSL
BEWI,1522-2365,Berichte zur Wissenschaftsgeschichte,3000,2000,2500,,,,,BEWI
BMB,1539-3429,Biochemistry and Molecular Biology Education,3000,2000,2500,,,,,BMB
BEM,1521-186X,Bioelectromagnetics,3000,2000,2500,,,,,BEM
BIES,1521-1878,BioEssays,4200,2800,3500,,,,,BIES
BIOE,1467-8519,Bioethics,3700,2467,3083,,,,,BIOE
BIOF,1872-8081,BioFactors,3600,2400,3000,,,,,BIOF
BBB,1932-1031,"Biofuels, Bioproducts and Biorefining",4400,2933,3960,,,,,BBB
BRV,1469-185X,Biological Reviews,3950,2650,3300,,,,,BRV
BOC,1768-322X,Biology of the Cell,3300,2200,2750,,,,,BOC
BMC,1099-0801,Biomedical Chromatography,3300,2200,2750,,,,,BMC
BIMJ,1521-4036,Biometrical Journal,3900,2600,3250,,,,,BIMJ
BIOM,1541-0420,Biometrics,3000,2000,2500,,,,,BIOM
BDD,1099-081X,Biopharmaceutics & Drug Disposition,3300,2200,2750,,,,,BDD
BIP,1097-0282,Biopolymers,3400,2250,2850,,,,,BIP
BAB,1470-8744,Biotechnology and Applied Biochemistry,3000,2000,2500,,,,,BAB
BIT,1097-0290,Biotechnology and Bioengineering,4600,3050,3850,,,,,BIT
BIOT,1860-7314,Biotechnology Journal,4100,2750,3400,,,,,BIOT
BTPR,1520-6033,Biotechnology Progress,3900,2600,3250,,,,,BTPR
BTP,1744-7429,Biotropica,2500,1600,2000,,,,,BTP
BDI,1399-5618,Bipolar Disorders,4200,2800,3500,,,,,BDI
BIRT,1523-536X,Birth,3800,2550,3150,,,,,BIRT
BDR,2472-1727,Birth Defects Research,3200,2150,2650,,,,,BDR
BJO,1471-0528,BJOG: An International Journal of Obstetrics and Gynaecology,4200,2800,3500,,,,,BJO
BJU,1464-410X,BJU International,3950,2650,3300,,,,,BJU
BERJ,1469-3518,British Educational Research Journal,3300,2200,2750,,,,,BERJ
BCP,1365-2125,British Journal of Clinical Pharmacology,4000,2857,3429,,,,,BCP
BJC,2044-8260,British Journal of Clinical Psychology,3000,2000,2500,,,,,BJC
BJD,1365-2133,British Journal of Dermatology,4200,3000,3550,,,,,BJD
BJDP,2044-835X,British Journal of Developmental Psychology,2500,1667,2083,,,,,BJDP
BJEP,2044-8279,British Journal of Education Psychology,3000,2000,2500,,,,,BJEP
BJET,1467-8535,British Journal of Educational Technology,3300,2200,2750,,,,,BJET
BJH,1365-2141,British Journal of Haematology,4600,3300,3950,,,,,BJH
BJHP,2044-8287,British Journal of Health Psychology,3300,2200,2750,,,,,BJHP
BJIR,1467-8543,British Journal of Industrial Relations,3100,2050,2600,,,,,BJIR
BLD,1468-3156,British Journal of Learning Disabilities,2500,1667,2083,,,,,BLD
BJOM,1467-8551,British Journal of Management,3000,2000,2500,,,,,BJOM
BMSP,2044-8317,British Journal of Mathematical and Statistical Psychology,2500,1667,2083,,,,,BMSP
BPH,1476-5381,British Journal of Pharmacology,4000,2857,3429,,,,,BPH
BJOP,2044-8295,British Journal of Psychology,3100,2050,2600,,,,,BJOP
BJP,1752-0118,British Journal of Psychotherapy,3000,2000,2500,,,,,BJP
BJR,1748-880X,British Journal of Radiology,2850,2100,2315,,,,,BJR
BJSO,2044-8309,British Journal of Social Psychology,3200,2150,2650,,,,,BJSO
BJSP,1467-8578,British Journal of Special Education,2500,1650,2100,,,,,BJSP
BOER,1467-8586,Bulletin of Economic Research,2500,1667,2083,,,,,BOER
BLAR,1470-9856,Bulletin of Latin American Research,3000,2000,2500,,,,,BLAR
BKCS,1229-5949,Bulletin of the Korean Chemical Society,3000,2000,2500,,,,,BKCS
BLMS,1469-2120,Bulletin of the London Mathematical Society,3000,2000,2500,,,,,BLMS
BASR,1467-8594,Business and Society Review,2500,1650,2100,,,,,BASR
BEER,1467-8608,Business Ethics: A European Review,3000,2000,2500,,,,,BEER
BSD2,2572-3170,Business Strategy and Development,2750,2119,2524,,,,,BSD2
BSE,1099-0836,Business Strategy and the Environment,3300,2200,2750,,,,,BSE
CJAS,1936-4490,Canadian Journal of Administrative SciencesRevue Canadienne des Sciences de l'Administration,2500,1650,2100,,,,,CJAS
CJAG,1744-7976,Canadian Journal of Agricultural Economics/Revue canadienne d'agroeconomie,2500,1650,2100,,,,,CJAG
CAJE,1540-5982,Canadian Journal of Economics/Revue canadienne d'économique,2500,1650,2100,,,,,CAJE
CAPA,1754-7121,Canadian Public Administration/AdministrationPublique du Canada,2500,1650,2100,,,,,CAPA
CARS,1755-618X,Canadian Review of Sociology/Revue canadienne de sociologie,2500,1650,2100,,,,,CARS
CNCR,1097-0142,Cancer,4200,3000,3600,3780,2700,3240,,CNCR
CNCY,1934-6638,Cancer Cytopathology,2500,1650,2100,2250,1485,1890,,CNCY
CCD,1522-726X,Catheterization and Cardiovascular Interventions,3800,2533,3167,,,,,CCD
,2509-7075,c/e papers,3000,2000,2500,,,,,
CBF,1099-0844,Cell Biochemistry & Function,3200,2150,2650,,,,,CBF
CBIN,1095-8355,Cell Biology International,3400,2300,2800,,,,,CBIN
CMI,1462-5822,Cellular Microbiology,3250,2321,2786,,,,,CMI
CNT,1600-0498,Centaurus,2500,1667,2083,,,,,CNT
CCHE,1943-3638,Cereal Chemistry,2750,1650,2200,,,,,CCHE
CBIC,1439-7633,ChemBioChem,3800,2550,3150,,,,,CBIC
CBEN,2196-9744,ChemBioEng Reviews,3500,2600,2900,,,,,CBEN
CCTC,1867-3899,ChemCatChem,3850,2600,3200,,,,,CCTC
CELC,2196-0216,ChemElectroChem,3700,2500,3050,,,,,CELC
CBDD,1747-0285,Chemical Biology & Drug Design,3100,2050,2600,,,,,CBDD
CEAT,1521-4125,Chemical Engineering & Technology,3500,2350,2900,,,,,CEAT
CITE,1522-2640,Chemie-Ingenieur-Technik (CIT),3500,2350,2900,,,,,CITE
CHEM,1521-3765,Chemistry - A European Journal,4400,2900,3850,,,,,CHEM
ASIA,1861-471X,Chemistry - An Asian Journal,4000,2650,3500,,,,,ASIA
CBDV,1612-1880,Chemistry & Biodiversity,3500,2350,2900,,,,,CBDV
SLCT,2365-6549,ChemistrySelect,3500,2350,2900,,,,,SLCT
CMDC,1860-7187,ChemMedChem,3600,2400,3000,,,,,CMDC
CNMA,2199-692X,CHEMNANOMAT,3600,2400,3000,,,,,CNMA
CPTC,2367-0932,ChemPhotoChem,3500,2350,2900,,,,,CPTC
CPHC,1439-7641,ChemPhysChem,3850,2600,3200,,,,,CPHC
CPLU,2192-6506,ChemPlusChem,3500,2350,2900,,,,,CPLU
CSSC,1864-564X,ChemSusChem,3850,2600,3200,,,,,CSSC
E570,2570-4206,ChemSystemsChem,3500,2350,2900,,,,,E570
CFS,1365-2206,Child & Family Social Work,3100,2050,2600,,,,,CFS
CAR,1099-0852,Child Abuse Review,2900,1950,2400,,,,,CAR
CAMH,1475-3588,Child and Adolescent Mental Health,2600,1750,2150,,,,,CAMH
CDEV,1467-8624,Child Development,3300,2200,2750,,,,,CDEV
CDEP,1750-8606,Child Development Perspectives,3100,2067,2583,,,,,CDEP
CCH,1365-2214,"Child: Care, Health and Development",3300,2200,2750,,,,,CCH
CHSO,1099-0860,Children & Society,2800,1850,2350,,,,,CHSO
CWE,1749-124X,China & World Economy,2500,1667,2083,,,,,CWE
CJOC,1614-7065,Chinese Journal of Chemistry,3000,2000,2500,,,,,CJOC
CHIR,1520-636X,Chirality,3500,2350,2900,,,,,CHIR
CISO,1548-744X,City & Society,3000,2000,2500,,,,,CISO
CEND,2625-073X,Civil Engineering Design,2800,2370,2094,,,,,CEND
CLA,1096-0031,Cladistics,3700,2467,3083,,,,,CLA
CLEN,1863-0669,"CLEAN – Soil, Air, Water",3800,2550,3150,,,,,CLEN
CEA,1365-2222,Clinical & Experimental Allergy,4200,3000,3600,,,,,CEA
CEO,1442-9071,Clinical & Experimental Ophthalmology,3050,2050,2550,,,,,CEO
CAP,2163-0097,Clinical Advances in Periodontics,3000,2000,2500,2000,1333,1667,,CAP
CA,1098-2353,Clinical Anatomy,3600,2400,3000,,,,,CA
CED,1365-2230,Clinical and Experimental Dermatology,3100,2050,2600,,,,,CED
CEN3,1759-1961,Clinical and Experimental Neuroimmunology,2500,1667,2083,,,,,CEN3
CEP,1440-1681,Clinical and Experimental Pharmacology and Physiology,3300,2200,2750,,,,,CEP
CEN,1365-2265,Clinical Endocrinology,4000,2667,3333,3500,2334,2916,,CEN
CGE,1399-0004,Clinical Genetics,4000,2650,3350,,,,,CGE
CID,1708-8208,Clinical Implant Dentistry and Related Research,3800,2533,3167,,,,,CID
COB,1758-8111,Clinical Obesity,2800,1850,2350,,,,,COB
CLR,1600-0501,Clinical Oral Implants Research,3800,2550,3150,,,,,CLR
COA,1749-4486,Clinical Otolaryngology,4200,2800,3500,,,,,COA
CPT,1532-6535,Clinical Pharmacology & Therapeutics,3300,2200,2750,2200,1333,1667,,CPT
CPDD,2160-7648,Clinical Pharmacology in Drug Development,3300,2200,2750,,,,,CPDD
CPF,1475-097X,Clinical Physiology and Functional Imaging,3500,2350,2900,,,,,CPF
CPP,1099-0879,Clinical Psychology & Psychotherapy,3100,2067,2583,,,,,CPP
CTR,1399-0012,Clinical Transplantation,3600,2400,3000,,,,,CTR
TCL,1465-1858,Cochrane Library*,5000,3333,4167,,,,,TCL
COGS,1551-6709,Cognitive Science - A Multidisciplinary Journal,3100,2067,2583,,,,,COGS
COL,1520-6378,Color Research and Application,3100,2067,2583,,,,,COL
COTE,1478-4408,Coloration Technology,3300,2200,2750,,,,,COTE
CODI,1463-1318,Colorectal Disease,3300,2200,2750,,,,,CODI
CPA,1097-0312,Communications on Pure and Applied Mathematics,4000,2667,3333,,,,,CPA
CDOE,1600-0528,Community Dentistry and Oral Epidemiology,3600,2400,3000,,,,,CDOE
CRF3,1541-4337,Comprehensive Reviews in Food Science and Food Safety,4000,3090,3470,,,,,CRF3
CMM4,2577-7408,Computational and Mathematical Methods,3000,2244,2539,,,,,CMM4
COIN,1467-8640,Computational Intelligence,2900,1950,2400,,,,,COIN
CAV,1546-427X,Computer Animation & Virtual Worlds,2700,1800,2250,,,,,CAV
CAE,1099-0542,Computer Applications In Engineering Education,3500,2350,2900,,,,,CAE
CGF,1467-8659,Computer Graphics Forum,3000,2000,2500,,,,,CGF
MICE,1467-8667,Computer-Aided Civil and Infrastructure Engineering,4000,2667,3333,,,,,MICE
CPE,1532-0634,Concurrency and Computation: Practice and Experience,3900,2600,3250,,,,,CPE
CRQ,1541-1508,Conflict Resolution Quarterly,3000,2000,2500,,,,,CRQ
CGA,1741-4520,Congenital Anomalies,2500,1667,2083,,,,,CGA
COBI,1523-1739,Conservation Biology,3000,2000,2500,,,,,COBI
CONS,1467-8675,Constellations,2500,1667,2083,,,,,CONS
ARCP,2476-1281,Consumer Psychology Review,3000,2000,2500,,,,,ARCP
COD,1600-0536,Contact Dermatitis,3800,2533,3167,,,,,COD
CARE,1911-3846,Contemporary Accounting Research,2500,1650,2100,,,,,CARE
COEP,1465-7287,Contemporary Economic Policy,2600,1700,2200,,,,,COEP
CTPP,1521-3986,Contributions to Plasma Physics,3300,2200,2750,,,,,CTPP
CORG,1467-8683,Corporate Governance: An International Review,3300,2200,2750,,,,,CORG
CSR,1535-3966,Corporate Social Responsibility and EnvironmentalManagement,3000,2000,2500,,,,,CSR
CVJ,2161-007X,Counseling and Values,2500,1650,2100,,,,,CVJ
CAPR,1746-1405,Counselling and Psychotherapy Research,2500,1650,2100,,,,,CAPR
CEAS,1556-6978,Counselor Education and Supervision,2500,1650,2100,,,,,CEAS
CAIM,1467-8691,Creativity and Innovation Management,2600,1750,2150,,,,,CAIM
CBM,1471-2857,Criminal Behaviour and Mental Health,3000,2000,2500,,,,,CBM
CRIM,1745-9125,Criminology,3300,2200,2750,,,,,CRIM
CAPP,1745-9133,Criminology and Public Policy,3100,2050,2600,,,,,CAPP
CRIQ,1467-8705,Critical Quarterly,2500,1667,2083,,,,,CRIQ
CFT2,2374-3832,"Crop, Forage & Turfgrass Management",1000,800,900,,,,,CFT2
CSC2,1435-0653,Crop Science,1100,850,1000,,,,,CSC2
CRSO,2325-3606,Crops & Soils,1000,800,900,,,,,CRSO
CRAT,1521-4079,Crystal Research & Technology,3800,2550,3150,,,,,CRAT
CSAN,2325-3584,CSA News,1000,800,900,,,,,CSAN
CUAG,2153-9561,"Culture, Agriculture, Food and Environment",3000,2000,2500,,,,,CUAG
CURA,2151-6952,Curator: The Museum Journal,2500,1667,2083,,,,,CURA
CPZ1,2691-1299,Current Protocols,4750,3800,4300,,,,,CPZ1
CPET,1948-3430,Current Protocols Essential Laboratory Techniques,4750,3550,4020,,,,,CPET
CPBI,1934-340X,Current Protocols in Bioinformatics,4750,3550,4020,,,,,CPBI
CPCB,1934-2616,Current Protocols in Cell Biology,4750,3550,4020,,,,,CPCB
CPCH,2160-4762,Current Protocols in Chemical Biology,4750,3550,4020,,,,,CPCH
CPCY,1934-9300,Current Protocols in Cytometry,4750,3550,4020,,,,,CPCY
CPHG,1934-8258,Current Protocols in Human Genetics,4750,3550,4020,,,,,CPHG
CPIM,1934-368X,Current Protocols in Immunology,4750,3550,4020,,,,,CPIM
CPMC,1934-8533,Current Protocols in Microbiology,4750,3550,4020,,,,,CPMC
CPMB,1934-3647,Current Protocols in Molecular Biology,4750,3550,4020,,,,,CPMB
CPMO,2161-2617,Current Protocols in Mouse Biology,4750,3550,4020,,,,,CPMO
CPNS,1934-8576,Current Protocols in Neuroscience,4750,3550,4020,,,,,CPNS
CPNC,1934-9289,Current Protocols in Nucleic Acid Chemistry,4750,3550,4020,,,,,CPNC
CPPH,1934-8290,Current Protocols in Pharmacology,4750,3550,4020,,,,,CPPH
CPPB,2379-8068,Current Protocols in Plant Biology,4750,3550,4020,,,,,CPPB
CPPS,1934-3663,Current Protocols in Protein Science,4750,3550,4020,,,,,CPPS
CPSC,1938-8969,Current Protocols in Stem Cell Biology,4750,3550,4020,,,,,CPSC
CPTX,1934-9262,Current Protocols in Toxicology,4750,3550,4020,,,,,CPTX
CURT,1467-8748,Curtis's Botanical Magazine,3000,2000,2500,,,,,CURT
CYTB,1552-4930,Cytometry Part A,3000,2000,2500,2400,1600,2000,,CYTB
CYTO,1552-4957,Cytometry Part B: Clinical Cytometry,3000,2000,2500,,,,,CYTO
CYT,1365-2303,Cytopathology,3400,2250,2850,,,,,CYT
CM,1949-3592,Cytoskeleton,3400,2250,2850,,,,,CM
DECI,1540-5915,Decision Sciences,2500,1650,2100,,,,,DECI
DSJI,1540-4609,Decision Sciences Journal of Innovative Education,2500,1650,2100,,,,,DSJI
EDT,1600-9657,Dental Traumatology,3300,2200,2750,,,,,EDT
DMFR,1476-542X,DentoMaxilloFacial Radiology,2850,2100,2315,,,,,DMFR
DA,1520-6394,Depression and Anxiety,3800,2550,3150,,,,,DA
DTH,1529-8019,Dermatologic Therapy,3400,2250,2850,,,,,DTH
DER2,2637-7489,Dermatological Reviews,3000,2000,2500,,,,,DER2
DMJ,1948-7177,Design Management Journal,2500,1650,2100,,,,,DMJ
DREV,1948-7169,Design Management Review,2500,1650,2100,,,,,DREV
DEWB,1471-8847,Developing World Bioethics,3300,2200,2750,,,,,DEWB
DECH,1467-7660,Development and Change,3600,2400,3000,,,,,DECH
DPR,1467-7679,Development Policy Review,3000,2000,2500,,,,,DPR
DGD,1440-169X,"Development, Growth & Differentiation",3800,2533,3167,2850,1900,2375,,DGD
DVDY,1097-0177,Developmental Dynamics,3660,2900,3300,,,,,DVDY
DMCN,1469-8749,Developmental Medicine & Child Neurology,4200,2800,3500,,,,,DMCN
DNEU,1932-846X,Developmental Neurobiology,3900,2600,3250,,,,,DNEU
DEV,1098-2302,Developmental Psychobiology,3400,2250,2850,,,,,DEV
DESC,1467-7687,Developmental Science,3800,2550,3150,,,,,DESC
DOM,1463-1326,"Diabetes, Obesity and Metabolism",4700,3350,4050,,,,,DOM
DMRR,1520-7560,Diabetes/Metabolism Research and Reviews,4100,2700,3450,,,,,DMRR
DME,1464-5491,Diabetic Medicine,4400,2933,3667,,,,,DME
DC,1097-0339,Diagnostic Cytopathology,3200,2150,2650,,,,,DC
DIAL,1540-6385,Dialog,2500,1667,2083,,,,,DIAL
TGER,1756-1221,Die Unterrichtspraxis/Teaching German,2500,1650,2100,,,,,TGER
DOME,1949-3606,Digest of Middle East Studies,2500,1650,2100,,,,,DOME
DEN,1443-1661,Digestive Endoscopy,3600,2400,3000,,,,,DEN
DISA,1467-7717,Disasters,3300,2200,2750,,,,,DISA
DAR,1465-3362,Drug and Alcohol Review,3400,2267,2833,,,,,DAR
DDR,1098-2299,Drug Development Research,2900,1950,2400,,,,,DDR
DTA,1942-7611,Drug Testing and Analysis,4300,2867,3583,,,,,DTA
DYS,1099-0909,Dyslexia,3000,2000,2500,,,,,DYS
EIP,1751-7893,Early Intervention in Psychiatry,4100,2750,3400,,,,,EIP
EMED,1468-0254,Early Medieval Europe,2500,1667,2083,,,,,EMED
ESP,1096-9837,Earth Surface Processes and Landforms,4200,2800,3500,,,,,ESP
EQE,1096-9845,Earthquake Engineering & Structural Dynamics,3900,2600,3250,,,,,EQE
ECHO,1540-8175,Echocardiography,2700,1800,2250,,,,,ECHO
ECO,1936-0592,Ecohydrology,4000,2650,3350,,,,,ECO
EAP,1939-5582,Ecological Applications,3300,2200,2750,2500,1667,2083,,EAP
EEN,1365-2311,Ecological Entomology,3600,2400,3000,,,,,EEN
EMR,1442-8903,Ecological Management & Restoration,2500,1667,2083,,,,,EMR
ECM,1557-7015,Ecological Monographs,3300,2200,2750,2500,1667,2083,,ECM
ERE,1440-1703,Ecological Research,3000,2000,2500,,,,,ERE
ECY,1939-9170,Ecology,3300,2200,2750,2500,1667,2083,,ECY
ELE,1461-0248,Ecology Letters,4800,3200,4000,,,,,ELE
EFF,1600-0633,Ecology of Freshwater Fish,3600,2400,3000,,,,,EFF
ECTA,1468-0262,Econometrica,4500,3400,3900,,,,,ECTA
ECCA,1468-0335,Economica,2500,2172,1914,,,,,ECCA
ECAF,1468-0270,Economic Affairs,2500,1650,2100,,,,,ECAF
SEA2,2330-4847,Economic Anthropology,3000,2000,2500,,,,,SEA2
ECIN,1465-7295,Economic Inquiry,2900,1950,2400,,,,,ECIN
ECNO,1468-0300,Economic Notes,2500,1650,2100,,,,,ECNO
ECPA,1759-3441,Economic Papers,2500,1667,2083,,,,,ECPA
ECOR,1475-4932,Economic Record,2500,1667,2083,,,,,ECOR
ECPO,1468-0343,Economics & Politics,2750,1850,2300,,,,,ECPO
ECOT,1468-0351,Economics of Transition and Institutional Change,2600,1750,2150,,,,,ECOT
EMIP,1745-3992,Educational Measurement: Issues and Practices,3000,2350,2700,,,,,EMIP
EDTH,1741-5446,Educational Theory,2500,1650,2100,,,,,EDTH
EEJ,1520-6416,Electrical Engineering in Japan,2500,1667,2083,,,,,EEJ
ELAN,1521-4109,Electroanalysis,3300,2200,2750,,,,,ELAN
ECJ,1520-6440,Electronics and Communications in Japan,2500,1667,2083,,,,,ECJ
ELPS,1522-2683,ELECTROPHORESIS,3850,2550,3200,,,,,ELPS
EMBR,1469-3178,EMBO Reports,5200,4200,4700,,,,,EMBR
EMM,1742-6723,Emergency Medicine Australasia,3300,2200,2750,,,,,EMM
EST2,2578-4862,Energy Storage,3000,2000,2500,,,,,EST2
ENTE,2194-4296,Energy Technology,4000,2700,3300,,,,,ENTE
EEA,1570-7458,Entomologia Experimentalis et Applicata,3500,2333,2917,,,,,EEA
ENR,1748-5967,Entomological Research,2500,1667,2083,,,,,ENR
ENS,1479-8298,Entomological Science,3000,2000,2500,1500,1000,1250,,ENS
EM,1098-2280,Environmental and Molecular Mutagenesis,3300,2200,2750,,,,,EM
EMI,1462-2920,Environmental Microbiology,4200,3000,3600,,,,,EMI
EMI4,1758-2229,Environmental Microbiology Reports,3600,2400,3000,,,,,EMI4
EET,1756-9338,Environmental Policy and Governance,2900,1950,2400,,,,,EET
EP,1944-7450,Environmental Progress & Sustainable Energy,3500,2333,2917,,,,,EP
TQEM,1520-6483,Environmental Quality Management,3000,2000,2500,,,,,TQEM
TOX,1522-7278,Environmental Toxicology,3900,2600,3250,,,,,TOX
ETC,1552-8618,Environmental Toxicology and Chemistry,3000,2000,2500,2400,1600,2000,,ETC
ENV,1099-095X,Environmetrics,3700,2450,3100,,,,,ENV
EPI,1528-1167,Epilepsia,3950,2650,3300,,,,,EPI
EPP,1365-2338,EPPO Bulletin,3000,2000,2500,,,,,EPP
EVE,2042-3292,Equine Veterinary Education,3100,2050,2600,,,,,EVE
EVJ,2042-3306,Equine Veterinary Journal,3300,2200,2750,,,,,EVJ
EAHR,2578-2363,Ethics & Human Research,2750,1850,2300,,,,,EAHR
ETH,1439-0310,Ethology,3600,2400,3000,,,,,ETH
ETHO,1548-1352,Ethos,3000,2000,2500,,,,,ETHO
EUCH,1746-692X,EuroChoices,3000,2000,2500,,,,,EUCH
ERV,1099-0968,European Eating Disorders Review,3700,2467,3083,,,,,ERV
EUFM,1468-036X,European Financial Management,2800,1867,2333,,,,,EUFM
ECC,1365-2354,European Journal of Cancer Care,4300,2850,3600,,,,,ECC
ECI,1365-2362,European Journal of Clinical Investigation,3600,2400,3000,,,,,ECI
EJE,1600-0579,European Journal of Dental Education,3300,2200,2750,,,,,EJE
EJED,1465-3435,European Journal of Education,2600,1750,2150,,,,,EJED
EJH,1600-0609,European Journal of Haematology,3400,2250,2850,,,,,EJH
EJHF,1879-0844,European Journal of Heart Failure,4700,3100,3950,,,,,EJHF
EJI,1521-4141,European Journal of Immunology,3850,2750,3300,,,,,EJI
EJIC,1099-0682,European Journal of Inorganic Chemistry,3700,2500,3050,,,,,EJIC
EJLT,1438-9312,European Journal of Lipid Science and Technology,3800,2550,3150,,,,,EJLT
ENE,1468-1331,European Journal of Neurology,4100,2733,3417,,,,,ENE
EJN,1460-9568,European Journal of Neuroscience,3000,2000,2500,,,,,EJN
EOS,1600-0722,European Journal of Oral Sciences,3300,2200,2750,,,,,EOS
EJOC,1099-0690,European Journal of Organic Chemistry,3850,2600,3200,,,,,EJOC
EJP,1532-2149,European Journal of Pain,4000,2667,3333,,,,,EJP
EJOP,1468-0378,European Journal of Philosophy,2500,1667,2083,,,,,EJOP
EJPR,1475-6765,European Journal of Political Research,3600,2400,3000,,,,,EJPR
EPDY,2047-8852,European Journal of Political Research Political Data Yearbook,3000,2000,2500,,,,,EPDY
EJSP,1099-0992,European Journal of Social Psychology,3000,2000,2500,,,,,EJSP
EJSS,1365-2389,European Journal of Soil Science,4100,2700,3450,,,,,EJSS
EULJ,1468-0386,European Law Journal,3100,2050,2600,,,,,EULJ
EMRE,1740-4762,European Management Review,2500,1650,2100,,,,,EMRE
EPA2,2380-6567,European Policy Analysis,3000,2000,2700,,,,,EPA2
EVO,1558-5646,Evolution,3000,2000,2500,1500,1000,1250,,EVO
EDE,1525-142X,Evolution & Development,3300,2200,2750,,,,,EDE
EVAN,1520-6505,Evolutionary Anthropology,3800,2550,3150,,,,,EVAN
EXD,1600-0625,Experimental Dermatology,4100,2733,3417,,,,,EXD
EPH,1469-445X,Experimental Physiology,3600,2000,2800,,,,,EPH
EXSY,1468-0394,Expert Systems,3300,2200,2750,,,,,EXSY
FCSR,1552-3934,Family & Consumer Sciences Research Journal,2500,1650,2100,,,,,FCSR
FCRE,1744-1617,Family Court Review,2500,1650,2100,,,,,FCRE
FAMP,1545-5300,Family Process,2500,1650,2100,,,,,FAMP
FARE,1741-3729,Family Relations,2750,1800,2300,,,,,FARE
FFE,1460-2695,Fatigue & Fracture of Engineering Materials & Structures,3800,2533,3167,,,,,FFE
FEB2,1873-3468,FEBS Letters,3300,2050,2650,,,,,FEB2
FEDR,1522-239X,Feddes Repertorium,2500,1667,2083,,,,,FEDR
FEA2,2643-7961,Feminist Anthropology,3000,2000,2500,,,,,FEA2
FAAM,1468-0408,Financial Accountability & Management,2500,1667,2083,,,,,FAAM
FIMA,1755-053X,Financial Management,2500,1650,2100,,,,,FIMA
FMII,1468-0416,"Financial Markets, Institutions & Instruments",2500,1667,2083,,,,,FMII
CFP2,2573-8615,Financial Planning Review,3000,2000,2500,,,,,CFP2
FAM,1099-1018,Fire and Materials,3200,2150,2650,,,,,FAM
FISC,1475-5890,Fiscal Studies,2850,1900,2350,,,,,FISC
FAF,1467-2979,Fish and Fisheries,4300,2850,3600,,,,,FAF
FSH,1548-8446,Fisheries,3600,2400,3000,,,,,FSH
FME,1365-2400,Fisheries Management and Ecology,3400,2267,2833,,,,,FME
FOG,1365-2419,Fisheries Oceanography,4000,2650,3350,,,,,FOG
FFJ,1099-1026,Flavour and Fragrance Journal,3600,2400,3000,,,,,FFJ
FLAN,1944-9720,Foreign Language Annals,3000,2000,2500,,,,,FLAN
EFP,1439-0329,Forest Pathology,3500,2333,2917,,,,,EFP
PROP,1521-3978,Fortschritte der Physik,3000,2000,2500,,,,,PROP
FWB,1365-2427,Freshwater Biology,4300,2850,3600,,,,,FWB
FEE,1540-9309,Frontiers in Ecology and the Environment,2900,2169,2454,,,,,FEE
FUCE,1615-6854,Fuel Cells,3300,2200,2750,,,,,FUCE
FEC,1365-2435,Functional Ecology,3000,2000,2500,2250,1500,1875,,FEC
FCP,1472-8206,Fundamental & Clinical Pharmacology,2680,1800,2250,,,,,FCP
FFO2,2573-5152,Futures & Foresight Science,3000,2000,2500,,,,,FFO2
GAMM,1522-2608,GAMM - Mitteilungen,2500,1667,2083,,,,,GAMM
YGH2,1478-1239,GastroHep,3300,2470,2800,,,,,YGH2
GEND,1468-0424,Gender & History,2600,1750,2150,,,,,GEND
GWAO,1468-0432,"Gender, Work & Organisation",3700,2500,3050,,,,,GWAO
GENA,1939-3466,General Anthropology,3000,2000,2500,,,,,GENA
GTC,1365-2443,Genes to Cells,3800,2533,3167,3000,2000,2500,,GTC
GCC,1098-2264,"Genes, Chromosomes and Cancer",3950,2650,3300,,,,,GCC
DVG,1526-968X,Genesis: The Journal of Genetics and Development,3300,2200,2750,,,,,DVG
GEPI,1098-2272,Genetic Epidemiology,3550,2350,2950,,,,,GEPI
GEA,1520-6548,Geoarchaeology,3330,2200,2800,,,,,GEA
GBI,1472-4669,Geobiology,4200,2800,3500,,,,,GBI
GEAN,1538-4632,Geographical Analysis,3000,2000,2500,,,,,GEAN
GEOR,1745-5871,Geographical Research,2900,1933,2417,,,,,GEOR
GEC3,1749-8198,Geography Compass (Electronic),3000,2000,2500,,,,,GEC3
GJ,1099-1034,Geological Journal,3500,2333,2917,,,,,GJ
GPR,1365-2478,Geophysical Prospecting,3000,2000,2500,,,,,GPR
GRL,1944-8007,Geophysical Research Letters,2700,1620,2160,,,,,GRL
GGR,1751-908X,Geostandards & Geoanalytical Research,3700,2450,3100,,,,,GGR
GGI,1447-0594,Geriatrics & Gerontology International,3400,2250,2850,,,,,GGI
GLAL,1468-0483,German Life and Letters,2500,1667,2083,,,,,GLAL
GER,1741-2358,Gerodontology,3000,2000,2500,,,,,GER
GLIA,1098-1136,Glia,4700,3150,3900,,,,,GLIA
GBC,1944-9224,Global Biogeochemical Cycles,3600,2571,3086,,,,,GBC
JOE,1932-2062,Global Business and Organizational Excellence,3000,2000,2500,,,,,JOE
GCB,1365-2486,Global Change Biology,4250,3200,3700,,,,,GCB
GEB,1466-8238,Global Ecology and Biogeography,3650,2450,3050,,,,,GEB
GLOB,1471-0374,Global Networks,3300,2200,2750,,,,,GLOB
GPOL,1758-5899,Global Policy,3100,2050,2600,,,,,GPOL
GSJ,2042-5805,Global Strategy Journal,2500,1650,2100,,,,,GSJ
GOVE,1468-0491,Governance,3700,2450,3100,,,,,GOVE
GFS,1365-2494,Grass and Forage Science,3500,2350,2900,,,,,GFS
GRS,1744-697X,Grassland Science,2500,1667,2083,,,,,GRS
GHG,2152-3878,Greenhouse Gases: Science and Technology,3300,2200,2750,,,,,GHG
GWAT,1745-6584,Groundwater,3200,2150,2700,,,,,GWAT
GWMR,1745-6592,Groundwater Monitoring & Remediation,3200,2150,2650,,,,,GWMR
GROW,1468-2257,Growth and Change,2500,1667,2083,,,,,GROW
HAE,1365-2516,Haemophilia,3650,2450,3050,,,,,HAE
HAST,1552-146X,Hastings Center Report,2750,1800,2300,,,,,HAST
HED,1097-0347,Head & Neck,3650,2450,3050,,,,,HED
HEAD,1526-4610,Headache: The Journal of Head and Face Pain,3300,2200,2750,,,,,HEAD
HSC,1365-2524,Health and Social Care in the Community,4600,3050,3850,,,,,HSC
HEC,1099-1050,Health Economics,3850,2600,3200,,,,,HEC
HIR,1471-1842,Health Information and Libraries Journal,2500,1650,2100,,,,,HIR
HPJA,2201-1617,Health Promotion Journal of Australia,3000,2000,2500,2400,1600,2000,,HPJA
HESR,1475-6773,Health Services Research,3300,2200,2750,,,,,HESR
HTJ,1523-1496,Heat Transfer - Asian Research,2500,1667,2083,,,,,HTJ
HEL,1523-5378,Helicobacter,3500,2300,2950,,,,,HEL
HLCA,1522-2675,Helvetica Chimica Acta,3500,2350,2900,,,,,HLCA
HON,1099-1069,Hematological Oncology,4000,2650,3350,,,,,HON
HDI,1542-4758,Hemodialysis International,3100,2067,2583,,,,,HDI
HEP,1527-3350,Hepatology,2400,1700,2300,,,,,HEP
HEPR,1872-034X,Hepatology Research,3400,2250,2850,,,,,HEPR
HEQU,1468-2273,Higher Education Quarterly,2500,1667,2083,,,,,HEQU
HIPO,1098-1063,Hippocampus,4100,2929,3514,,,,,HIPO
HIS,1365-2559,Histopathology,4100,2733,3417,,,,,HIS
HIST,1468-229X,History,2500,1650,2100,,,,,HIST
HITH,1468-2303,History and Theory,2500,1650,2100,,,,,HITH
HIC3,1478-0542,History Compass,2500,1667,2083,,,,,HIC3
HIV,1468-1293,HIV Medicine,3300,2200,2750,,,,,HIV
TAN,2059-2310,HLA: Immune Response Genetics,4000,2650,3350,,,,,TAN
HBE2,2578-1863,Human Behavior and Emerging Technologies,2500,2116,1870,,,,,HBE2
HFM,1520-6564,Human Factors and Ergonomics in Manufacturing & Service Industries,2500,1667,2083,,,,,HFM
HUMU,1098-1004,Human Mutation,4000,2850,3450,,,,,HUMU
HUP,1099-1077,Human Psychopharmacology: Clinical and Experimental,3500,2350,2900,,,,,HUP
HRDQ,1532-1096,Human Resource Development Quarterly,3200,2150,2650,,,,,HRDQ
HRM,1099-050X,Human Resource Management,3100,2050,2600,,,,,HRM
HRMJ,1748-8583,Human Resource Management Journal,3700,2450,3100,,,,,HRMJ
HYP,1099-1085,Hydrological Processes,4200,2800,3500,,,,,HYP
IBI,1474-919X,Ibis,3300,2200,2750,,,,,IBI
IMR,1600-065X,Immunological Reviews,4300,2867,3583,,,,,IMR
IMM,1365-2567,Immunology,3950,2650,3300,2633,1767,2200,,IMM
IMCB,1440-1711,Immunology & Cell Biology,3300,2200,2750,2640,1760,2200,,IMCB
INA,1600-0668,Indoor Air,4300,2867,3583,,,,,INA
IREL,1468-232X,Industrial Relations,3000,2000,2500,,,,,IREL
IRJ,1468-2338,Industrial Relations Journal,2500,1667,2083,,,,,IRJ
INFA,1532-7078,Infancy,3000,2000,2500,,,,,INFA
ICD,1522-7219,Infant and Child Development,2500,1667,2083,,,,,ICD
IMHJ,1097-0355,Infant Mental Health Journal,2750,1800,2300,,,,,IMHJ
ISJ,1365-2575,Information Systems Journal,4000,2650,3350,,,,,ISJ
ICAD,1752-4598,Insect Conservation and Diversity,3700,2450,3100,,,,,ICAD
IMB,1365-2583,Insect Molecular Biology,3700,2450,3100,,,,,IMB
INS,1744-7917,Insect Science,3000,2000,2500,,,,,INS
IEAM,1551-3793,Integrated Environmental Assessment and Management,3000,2000,2500,2400,1600,2000,,IEAM
INZ2,1749-4877,Integrative Zoology,3600,2400,3000,,,,,INZ2
ISAF,1099-1174,"Intelligent Systems in Accounting, Finance and Management",2500,1667,2083,,,,,ISAF
IMJ,1445-5994,Internal Medicine Journal,2750,1850,2300,,,,,IMJ
IERE,1468-2354,International Economic Review,2750,1800,2300,,,,,IERE
IEJ,1365-2591,International Endodontic Journal,3700,2467,3083,,,,,IEJ
INFI,1468-2362,International Finance,2500,1667,2083,,,,,INFI
ALR,2042-6984,International Forum of Allergy & Rhinology,3000,2000,2500,,,,,ALR
IIR,1099-1107,International Insolvency Review,2500,1650,2100,,,,,IIR
NAG,1096-9853,International Journal for Numerical and Analytical Methods in Geomechanics,3800,2550,3150,,,,,NAG
CNM,2040-7947,International Journal for Numerical Methods in Biomedical Engineering,4200,2800,3500,,,,,CNM
NME,1097-0207,International Journal for Numerical Methods in Engineering,4400,2950,3650,,,,,NME
FLD,1097-0363,International Journal for Numerical Methods in Fluids,3700,2450,3100,,,,,FLD
ACS,1099-1115,International Journal of Adaptive Control and Signal Processing,3000,2000,2500,,,,,ACS
IJAC,1744-7402,International Journal of Applied Ceramic Technology,3300,2200,2750,2805,1870,2337.5,,IJAC
IJAG,2041-1294,International Journal of Applied Glass Science,3300,2200,2750,2805,1870,2337.5,,IJAG
IJAL,1473-4192,International Journal of Applied Linguistics,2500,1667,2083,,,,,IJAL
APS,1556-9187,International Journal of Applied Psychoanalytic Studies,2500,1667,2083,,,,,APS
JADE,1476-8070,International Journal of Art & Design Education,2500,1650,2100,,,,,JADE
IJAU,1099-1123,International Journal of Auditing,2500,1667,2083,,,,,IJAU
IJC,1097-0215,International Journal of Cancer,4600,3100,3900,,,,,IJC
KIN,1097-4601,International Journal of Chemical Kinetics,3100,2067,2583,,,,,KIN
CTA,1097-007X,International Journal of Circuit Theory & Applications,3500,2333,2917,,,,,CTA
JOC,1097-0088,International Journal of Climatology,3150,2100,2650,2520,1680,2120,,JOC
IJCP,1742-1241,International Journal of Clinical Practice,4500,3214,3857,,,,,IJCP
DAC,1099-1131,International Journal of Communication Systems,3100,2050,2600,,,,,DAC
IJCS,1470-6431,International Journal of Consumer Studies,2500,1667,2083,,,,,IJCS
ICS,1468-2494,International Journal of Cosmetic Science,2750,1800,2300,,,,,ICS
IDT,1471-0307,International Journal of Dairy Technology,3100,2050,2600,,,,,IDT
IDH,1601-5037,International Journal of Dental Hygiene,2900,1933,2417,,,,,IDH
IJD,1365-4632,International Journal of Dermatology,3300,2200,2750,,,,,IJD
JDN,1873-474X,International Journal of Developmental Neuroscience,2600,1990,2260,,,,,JDN
EAT,1098-108X,International Journal of Eating Disorders,4200,2800,3500,,,,,EAT
IJET,1742-7363,International Journal of Economic Theory,3000,2000,2500,,,,,IJET
ER,1099-114X,International Journal of Energy Research,4400,2900,3700,,,,,ER
IEP,1365-2613,International Journal of Experimental Pathology,3400,2267,2833,,,,,IEP
IJFE,1099-1158,International Journal of Finance & Economics,2500,1667,2083,,,,,IJFE
IJFS,1365-2621,International Journal of Food Science & Technology,3300,2200,2750,,,,,IJFS
GPS,1099-1166,International Journal of Geriatric Psychiatry,4250,2800,3550,,,,,GPS
IJGO,1879-3479,International Journal of Gynecology & Obstetrics,3700,2450,3100,,,,,IJGO
IMA,1098-1098,International Journal of Imaging Systems and Technology,2750,1850,2300,,,,,IMA
IJI,1744-313X,International Journal of Immunogenetics,2500,1667,2083,,,,,IJI
INT,1098-111X,International Journal of Intelligent Systems,3600,2400,3000,,,,,INT
IJJS,1475-6781,International Journal of Japanese Sociology,2500,1667,2083,,,,,IJJS
IJLH,1751-553X,International Journal of Laboratory Hematology,3400,2250,2850,,,,,IJLH
JLCD,1460-6984,International Journal of Language & CommunicationDisorders,3100,2050,2600,,,,,JLCD
IJMR,1468-2370,International Journal of Management Reviews,3300,2200,2750,,,,,IJMR
INM,1447-0349,International Journal of Mental Health Nursing,3700,2467,3083,,,,,INM
NEM,1099-1190,International Journal of Network Management,3000,2000,2500,,,,,NEM
NVSM,1479-103X,International Journal of Nonprofit and Voluntary Sector Marketing,2500,1667,2083,,,,,NVSM
JNM,1099-1204,"International Journal of Numerical Modelling: Electronic Networks, Devices and Fields",2750,1850,2300,,,,,JNM
IJNT,2047-3095,International Journal of Nursing Knowledge,2900,1950,2400,,,,,IJNT
IJN,1440-172X,International Journal of Nursing Practice,3000,2000,2500,,,,,IJN
OPN,1748-3743,International Journal of Older People Nursing,3300,2200,2750,,,,,OPN
OA,1099-1212,International Journal of Osteoarchaeology,3300,2200,2750,,,,,OA
IPD,1365-263X,International Journal of Paediatric Dentistry,3400,2250,2850,,,,,IPD
IJOP,1464-066X,International Journal of Psychology,2900,1900,2450,,,,,IJOP
QUA,1097-461X,International Journal of Quantum Chemistry,3800,2550,3150,,,,,QUA
MMCE,1099-047X,International Journal of RF and Microwave Computer-Aided Engineering,2750,1850,2300,,,,,MMCE
APL,1756-185X,International Journal of Rheumatic Diseases,3200,2150,2650,,,,,APL
RNC,1099-1239,International Journal of Robust and Nonlinear Control,3300,2200,2750,,,,,RNC
SAT,1542-0981,International Journal of Satellite Communications and Networking,3600,2400,3000,,,,,SAT
IJSA,1468-2389,International Journal of Selection and Assessment,2500,1667,2083,,,,,IJSA
IJSW,1468-2397,International Journal of Social Welfare,2600,1750,2150,,,,,IJSW
IJST,1468-2400,International Journal of Systematic Theology,2500,1667,2083,,,,,IJST
JTR,1522-1970,International Journal of Tourism Research,2900,1950,2400,,,,,JTR
IJTD,1468-2419,International Journal of Training and Development,2500,1667,2083,,,,,IJTD
IJUR,1468-2427,International Journal of Urban and Regional Research,3600,2400,3000,,,,,IJUR
IJUN,1749-771X,International Journal of Urological Nursing,2500,1650,2100,,,,,IJUN
IJU,1442-2042,International Journal of Urology,3300,2200,2750,,,,,IJU
ILR,1564-913X,International Labour Review,2800,1850,2350,,,,,ILR
IMIG,1468-2435,International Migration,2750,1850,2300,,,,,IMIG
INR,1466-7657,International Nursing Review,2500,1650,2100,,,,,INR
IRFI,1468-2443,International Review of Finance,2500,1667,2083,,,,,IRFI
IROH,1522-2632,International Review of Hydrobiology,2750,1850,2300,,,,,IROH
IROM,1758-6631,International Review of Mission,2500,1650,2100,,,,,IROM
ISSJ,1468-2451,International Social Science Journal,2500,1667,2083,,,,,ISSJ
ISSR,1468-246X,International Social Security Review,2500,1667,2083,,,,,ISSR
INSR,1751-5823,International Statistical Review,3900,2600,3250,,,,,INSR
ITOR,1475-3995,International Transactions in Operational Research,3000,2000,2500,,,,,ITOR
ETEP,2050-7038,International Transactions on Electrical Energy Systems,3000,2000,2500,,,,,ETEP
ITL2,2476-1508,Internet Technology Letters,2500,1650,2250,,,,,ITL2
IVB,1744-7410,Invertebrate Biology,3300,2200,2750,,,,,IVB
NEWE,2050-5876,IPPR Progressive Review,3000,2000,2500,,,,,NEWE
IRD,1531-0361,Irrigation and Drainage,3300,2200,2750,,,,,IRD
VOXS,1751-2824,ISBT Science Series,2500,1650,2100,,,,,VOXS
IAR,1440-1738,Island Arc,2750,1850,2300,,,,,IAR
2525,1869-5868,Israel Journal of Chemistry,3600,2400,3000,,,,,2525
IUB,1521-6551,IUBMB Life,3600,2400,3000,,,,,IUB
JAC5,2574-9870,JACCP:  Journal of the American College of Clinical Pharmacy,3000,2000,2500,,,,,JAC5
JJNS,1742-7924,Japan Journal of Nursing Science,2500,1667,2083,,,,,JJNS
JCMS,1468-5965,JCMS: Journal of Common Market Studies,3200,2133,2667,,,,,JCMS
,2573-5098,JFSA Reports,3000,2280,2530,,,,,
AWWA,1551-8833,Journal AWWA,3000,2000,2500,2400,1600,2000,,AWWA
DDG,1610-0387,Journal der Deutschen Dermatologischen Gesellschaft,3300,2200,2750,,,,,DDG
JECS,1754-0208,Journal For Eighteenth-Century Studies,2500,1650,2100,,,,,JECS
JSPN,1744-6155,Journal for Specialists In Pediatric Nursing,2900,1950,2400,,,,,JSPN
NAD2,1556-4819,Journal for the Anthropology of North America,3000,2000,2500,,,,,NAD2
JSSR,1468-5906,Journal for the Scientific Study of Religion,2500,1650,2100,,,,,JSSR
JTSB,1468-5914,Journal for the Theory of Social Behaviour,2900,1950,2400,,,,,JTSB
JOAR,1475-679X,Journal of Accounting Research,3500,1800,2100,,,,,JOAR
JAOC,2161-1874,Journal of Addictions & Offender Counseling,2500,1650,2100,,,,,JAOC
JAAL,1936-2706,Journal of Adolescent & Adult Literacy,2600,1750,2150,,,,,JAAL
AMP2,2637-403X,Journal of Advanced Manufacturing and Processing,3500,2618,2962,,,,,AMP2
JAN,1365-2648,Journal of Advanced Nursing,4300,2850,3600,,,,,JAN
JOAC,1471-0366,Journal of Agrarian Change,3000,2000,2500,,,,,JOAC
JAGE,1477-9552,Journal of Agricultural Economics,3600,2400,3000,,,,,JAGE
JAC,1439-037X,Journal of Agronomy and Crop Science,3600,2400,3000,,,,,JAC
JGS,1532-5415,Journal of American Geriatrics Society,4300,2867,3583,,,,,JGS
JOAP,1468-5922,Journal of Analytical Psychology,3000,2000,2500,,,,,JOAP
JOA,1469-7580,Journal of Anatomy,3000,2000,2500,,,,,JOA
JBG,1439-0388,Journal of Animal Breeding and Genetics,4000,2650,3350,,,,,JBG
JANE,1365-2656,Journal of Animal Ecology,3000,2000,2500,2250,1500,1875,,JANE
JPN,1439-0396,Journal of Animal Physiology and Animal Nutrition,3950,2650,3300,,,,,JPN
JABA,1938-3703,Journal of Applied Behavior Analysis,2600,1700,2200,,,,,JABA
JACF,1745-6622,Journal of Applied Corporate Finance,2500,1650,2100,,,,,JACF
JCR,1600-5767,Journal of Applied Crystallography,3750,2950,3400,,,,,JCR
JPE,1365-2664,Journal of Applied Ecology,3000,2000,2500,2250,1500,1875,,JPE
JAE,1099-1255,Journal of Applied Econometrics,3100,2050,2600,,,,,JAE
JEN,1439-0418,Journal of Applied Entomology,3600,2400,3000,,,,,JEN
JAI,1439-0426,Journal of Applied Ichthyology,2900,1933,2417,,,,,JAI
JAM,1365-2672,Journal of Applied Microbiology,3600,2400,3000,,,,,JAM
JAPP,1468-5930,Journal of Applied Philosophy,2900,1950,2400,,,,,JAPP
APP,1097-4628,Journal of Applied Polymer Science,3600,2400,3000,,,,,APP
JAR,1468-3148,Journal of Applied Research in Intellectual Disabilities,3500,2350,2900,,,,,JAR
JASP,1559-1816,Journal of Applied Social Psychology,2800,1850,2350,,,,,JASP
JAT,1099-1263,Journal of Applied Toxicology,3550,2350,2950,,,,,JAT
AAH,1548-8667,Journal of Aquatic Animal Health,3400,2250,2850,,,,,AAH
JAV,1600-048X,Journal of Avian Biology,2650,1350,2000,,,,,JAV
JOBM,1521-4028,Journal of Basic Microbiology,2750,1850,2300,,,,,JOBM
BDM,1099-0771,Journal of Behavioral Decision Making,3200,2133,2667,,,,,BDM
JBT,1099-0461,Journal of Biochemical and Molecular Toxicology,3800,2550,3150,,,,,JBT
JBI,1365-2699,Journal of Biogeography,4200,2800,3500,,,,,JBI
JBM,1552-4965,Journal of Biomedical Materials Research Part A,3800,2700,3250,3040,2160,2600,,JBM
JBMB,1552-4981,Journal of Biomedical Materials Research Part B: Applied Biomaterials,2500,1786,2143,2000,1428,1930,,JBMB
JBIO,1864-0648,Journal of Biophotonics,4700,3150,3900,,,,,JBIO
JBMR,1523-4681,Journal of Bone and Mineral Research,3000,2000,2500,,,,,JBMR
JBFA,1468-5957,Journal of Business Finance & Accounting,2900,1950,2400,,,,,JBFA
JBL,2158-1592,Journal of Business Logistics,2750,1800,2300,,,,,JBL
JOCS,1540-8191,Journal of Cardiac Surgery,3200,2150,2650,,,,,JOCS
JCE,1540-8167,Journal of Cardiovascular Electrophysiology,3900,2600,3250,,,,,JCE
JCB,1097-4644,Journal of Cellular Biochemistry,4400,2950,3650,,,,,JCB
JCP,1097-4652,Journal of Cellular Physiology,4700,3150,3900,,,,,JCP
JCTB,1097-4660,Journal of Chemical Technology and Biotechnology,4100,2750,3400,,,,,JCTB
CEM,1099-128X,Journal of Chemometrics,3900,2600,3250,,,,,CEM
JCAP,1744-6171,Journal of Child and Adolescent Psychiatric Nursing,2500,1667,2083,,,,,JCAP
JCPP,1469-7610,Journal of Child Psychology and Psychiatry,3800,2533,3167,,,,,JCPP
JCA,1098-1101,Journal of Clinical Apheresis,3400,2250,2850,,,,,JCA
JOCN,1365-2702,Journal of Clinical Nursing,4100,2750,3400,,,,,JOCN
JCPE,1600-051X,Journal of Clinical Periodontology,4300,2850,3600,,,,,JCPE
JCPH,1552-4604,Journal of Clinical Pharmacology,3300,2200,2750,,,,,JCPH
JCPT,1365-2710,Journal of Clinical Pharmacy and Therapeutics,3200,2150,2650,,,,,JCPT
JCLP,1097-4679,Journal of Clinical Psychology,3000,2000,2500,,,,,JCLP
JCU,1097-0096,Journal of Clinical Ultrasound,2900,1950,2400,,,,,JCU
JOCC,2161-1882,Journal of College Counseling,2500,1650,2100,,,,,JOCC
JCD,1520-6610,Journal of Combinatorial Designs,2500,1667,2083,,,,,JCD
CASP,1099-1298,Journal of Community & Applied Social Psychology,2800,1867,2333,,,,,CASP
JCOP,1520-6629,Journal of Community Psychology,2800,1867,2333,,,,,JCOP
JCC,1096-987X,Journal of Computational Chemistry,4300,2867,3583,,,,,JCC
JCAL,1365-2729,Journal of Computer Assisted Learning,3200,2133,2667,,,,,JCAL
JOCA,1745-6606,Journal of Consumer Affairs,2750,1800,2300,,,,,JOCA
CB,1479-1838,Journal of Consumer Behaviour,2500,1667,2083,,,,,CB
JCPY,1532-7663,Journal of Consumer Psychology,3100,2050,2600,,,,,JCPY
JCCM,1468-5973,Journal of Contingencies and Crisis Management,2500,1667,2083,,,,,JCCM
JCAF,1097-0053,Journal of Corporate Accounting & Finance,3000,2000,2500,,,,,JCAF
JOCD,1473-2165,Journal of Cosmetic Dermatology,3500,2350,2900,,,,,JOCD
JCAD,1556-6676,Journal of Counseling & Development,2500,1650,2100,,,,,JCAD
CUP,1600-0560,Journal of Cutaneous Pathology,3100,2067,2583,,,,,CUP
JDD,1930-7837,Journal of Dental Education,3000,2000,2500,,,,,JDD
JDB,1753-0407,Journal of Diabetes,3000,2000,2500,,,,,JDB
CDD,1751-2980,Journal of Digestive Diseases,2900,1933,2417,,,,,CDD
JEC,1365-2745,Journal of Ecology,3000,2000,2500,2250,1500,1875,,JEC
JOES,1467-6419,Journal of Economic Surveys,3100,2050,2600,,,,,JOES
JEMS,1530-9134,Journal of Economics & Management Strategy,2800,1867,2333,,,,,JEMS
JEDM,1745-3984,Journal of Educational Measurement,2700,2150,2450,,,,,JEDM
JELS,1740-1461,Journal of Empirical Legal Studies,2750,1800,2300,,,,,JELS
JOEC,2161-1920,Journal of Employment Counseling,2500,1650,2100,,,,,JOEC
JEE,2168-9830,Journal of Engineering Education,3000,2000,2500,,,,,JEE
JEQ2,1435-0653,Journal of Environmental Quality,1000,800,900,,,,,JEQ2
JERD,1708-8240,Journal of Esthetic and Restorative Dentistry,3400,2250,2850,,,,,JERD
JEU,1550-7408,Journal of Eukaryotic Microbiology,3000,2000,2500,,,,,JEU
JEP,1365-2753,Journal of Evaluation in Clinical Practice,3800,2550,3150,,,,,JEP
JEBM,1756-5391,Journal of Evidence-Based Medicine,2500,1667,2083,,,,,JEBM
JEB,1420-9101,Journal of Evolutionary Biology,3000,2000,2500,1500,1000,1250,,JEB
JEZ,1932-5231,Journal of Experimental Zoology Part A: Ecological Genetics and Physiology,3900,2600,3250,,,,,JEZ
JEZ.B,1552-5015,Journal of Experimental Zoology Part B Molecular and Developmental Evolution,3000,2000,2500,,,,,JEZ.B
JFTR,1756-2589,Journal of Family Theory & Review,2500,1650,2100,,,,,JFTR
JOFT,1467-6427,Journal of Family Therapy,2900,1950,2400,,,,,JOFT
JOFO,1557-9263,Journal of Field Ornithology,3000,2000,2500,,,,,JOFO
ROB,1556-4967,Journal of Field Robotics,3900,2600,3250,,,,,ROB
JFB,1095-8649,Journal of Fish Biology,3300,2200,2750,,,,,JFB
JFD,1365-2761,Journal of Fish Diseases,4200,2800,3500,,,,,JFD
JFBC,1745-4514,Journal of Food Biochemistry,3000,2000,2500,,,,,JFBC
JFPE,1745-4530,Journal of Food Process Engineering,3100,2050,2600,,,,,JFPE
JFPP,1745-4549,Journal of Food Processing and Preservation,2900,1950,2400,,,,,JFPP
JFS,1745-4565,Journal of Food Safety,3300,2200,2750,,,,,JFS
JFDS,1750-3841,Journal of Food Science,3900,2600,3250,,,,,JFDS
FOR,1099-131X,Journal of Forecasting,2500,1667,2083,,,,,FOR
JFO,1556-4029,Journal of Forensic Sciences,3400,2250,2850,,,,,JFO
JGH,1440-1746,Journal of Gastroenterology and Hepatology,4000,2667,3333,,,,,JGH
JGC4,1573-3599,Journal of Genetic Counseling,3000,2000,2500,,,,,JGC4
JGRD,2169-8996,Journal of Geophysical Research: Atmospheres,3600,2571,3086,,,,,JGRD
JGRG,2169-8961,Journal of Geophysical Research: Biogeosciences,3600,2571,3086,,,,,JGRG
JGRF,2169-9011,Journal of Geophysical Research: Earth Surface,3600,2571,3086,,,,,JGRF
JGRC,2169-9291,Journal of Geophysical Research: Oceans,3600,2571,3086,,,,,JGRC
JGRE,2169-9100,Journal of Geophysical Research: Planets,3600,2571,3086,,,,,JGRE
JGRB,2169-9356,Journal of Geophysical Research: Solid Earth,3600,2571,3086,,,,,JGRB
JGRA,2169-9402,Journal of Geophysical Research: Space Physics,3600,2571,3086,,,,,JGRA
JGT,1097-0118,Journal of Graph Theory,3600,2400,3000,,,,,JGT
JHRM,2040-0861,Journal of Healthcare Risk Management,3000,2000,2500,,,,,JHRM
JHBP,1868-6982,Journal of Hepato-Biliary-Pancreatic Sciences,3700,2450,3100,,,,,JHBP
JHET,1943-5193,Journal of Heterocyclic Chemistry,2500,1667,2083,,,,,JHET
JOHS,1467-6443,Journal of Historical Sociology,2500,1667,2083,,,,,JOHS
JHN,1365-277X,Journal of Human Nutrition and Dietetics,3400,2267,2833,,,,,JHN
JIEC,1530-9290,Journal of Industrial Ecology,3000,2000,2500,,,,,JIEC
JIMD,1573-2665,Journal of Inherited Metabolic Disease,3000,2000,2500,,,,,JIMD
JIPB,1744-7909,Journal of Integrative Plant Biology,2500,1500,2000,,,,,JIPB
JIR,1365-2788,Journal of Intellectual Disability Research,3300,2200,2750,,,,,JIR
JOID,1939-1668,Journal of Interior Design,2500,1650,2100,,,,,JOID
JOIM,1365-2796,Journal of Internal Medicine,4200,2800,3500,,,,,JOIM
JID,1099-1328,Journal of International Development,2700,1800,2250,,,,,JID
JIFM,1467-646X,Journal of International Financial Management & Accounting,2500,1667,2083,,,,,JIFM
JIP,1544-4767,Journal of Investigative Psychology and Offender Profiling,2500,1667,2083,,,,,JIP
JLCR,1099-1344,Journal of Labelled Compounds and Radiopharmaceuticals,3300,2200,2750,,,,,JLCR
JLCA,1935-4940,Journal of Latin American & Caribbean Anthropology,3000,2000,2500,,,,,JLCA
JOLS,1467-6478,Journal of Law and Society,2800,1850,2350,,,,,JOLS
JLS,1935-262X,Journal of Leadership Studies,3000,2000,2500,,,,,JLS
JLSE,1744-1722,Journal of Legal Studies Education,2500,1650,2100,,,,,JLSE
JLB,1938-3673,Journal of Leukocyte Biology,2800,2150,2550,,,,,JLB
JOLA,1548-1395,Journal of Linguistic Anthropology,3000,2000,2500,,,,,JOLA
JMRI,1522-2586,Journal of Magnetic Resonance Imaging,3500,2500,3000,2625,1625,2125,,JMRI
JOMS,1467-6486,Journal of Management Studies,3300,2200,2750,,,,,JOMS
JMFT,1752-0606,Journal of Marital and Family Therapy,2500,1650,2100,,,,,JMFT
JOMF,1741-3737,Journal of Marriage and Family,3100,2050,2600,,,,,JOMF
JMS,1096-9888,Journal of Mass Spectrometry,3700,2467,3083,,,,,JMS
ARA,1754-9485,Journal of Medical Imaging and Radiation Oncology,2700,1800,2250,,,,,ARA
JMP,1600-0684,Journal of Medical Primatology,2900,1950,2400,,,,,JMP
JMV,1096-9071,Journal of Medical Virology,3750,2500,3100,,,,,JMV
JMG,1525-1314,Journal of Metamorphic Geology,3800,2550,3150,,,,,JMG
JMI,1365-2818,Journal of Microscopy,4300,2867,3583,,,,,JMI
JMWH,1542-2011,Journal of Midwifery & Women's Health,3300,2200,2750,,,,,JMWH
JMR,1099-1352,Journal of Molecular Recognition,3300,2200,2750,,,,,JMR
JMCB,1538-4616,"Journal of Money, Credit and Banking",3000,2000,2500,,,,,JMCB
JMOR,1097-4687,Journal of Morphology,3400,2250,2850,,,,,JMOR
MCDA,1099-1360,Journal of Multi-Criteria Decision Analysis,2500,1667,2083,,,,,MCDA
JMCD,2161-1912,Journal of Multicultural Counseling and Development,2500,1650,2100,,,,,JMCD
JNC,1471-4159,Journal of Neurochemistry,3950,2650,3300,1000,667,833,,JNC
JNE,1365-2826,Journal of Neuroendocrinology,3900,2600,3250,2600,1733,2166,,JNE
JON,1552-6569,Journal of Neuroimaging,3300,2200,2750,,,,,JON
JNP,1748-6653,Journal of Neuropsychology,2750,1850,2300,,,,,JNP
JNR,1097-4547,Journal of Neuroscience Research,3950,2650,3300,,,,,JNR
JONM,1365-2834,Journal of Nursing Management,4050,2700,3400,,,,,JONM
JNU,1547-5069,Journal of Nursing Scholarship,2650,1350,2000,,,,,JNU
JOG,1447-0756,Journal of Obstetrics and Gynaecology Research,2970,2000,2500,,,,,JOG
JOOP,2044-8325,Journal of Occupational and Organizational Psychology,3000,2000,2500,,,,,JOOP
JOOM,1873-1317,Journal of Operations Management,3000,2000,2500,,,,,JOOM
JOP,1600-0714,Journal of Oral Pathology & Medicine,3500,2333,2917,,,,,JOP
JOOR,1365-2842,Journal of Oral Rehabilitation,3950,2650,3300,,,,,JOOR
JOB,1099-1379,Journal of Organizational Behavior,3200,2133,2667,,,,,JOB
JOR,1554-527X,Journal of Orthopaedic Research ®,3600,2400,3000,,,,,JOR
JPC,1440-1754,Journal of Paediatrics and Child Health,3300,2200,2750,,,,,JPC
JPEN,1941-2444,Journal of Parenteral and Enteral Nutrition,3300,2200,2750,2000,1333,1667,,JPEN
PSC,1099-1387,Journal of Peptide Science,3500,2333,2917,,,,,PSC
JRE,1600-0765,Journal of Periodontal Research,3700,2450,3100,,,,,JRE
JPER,1943-3670,Journal of Periodontology,3600,2400,3000,2000,1333,1667,,JPER
JOPY,1467-6494,Journal of Personality,3000,2000,2500,,,,,JOPY
JPG,1747-5457,Journal of Petroleum Geology,2750,1800,2300,,,,,JPG
JPPR,2055-2335,Journal of Pharmacy Practice and Research,2500,1667,2083,,,,,JPPR
JOPE,1467-9752,Journal of Philosophy of Education,2750,1800,2300,,,,,JOPE
JPY,1529-8817,Journal of Phycology,3300,2200,2750,,,,,JPY
POC,1099-1395,Journal of Physical Organic Chemistry,3300,2200,2750,,,,,POC
JPH,1439-0434,Journal of Phytopathology,2900,1933,2417,,,,,JPH
JPI,1600-079X,Journal of Pineal Research,3800,2533,3167,,,,,JPI
JPLN,1522-2624,Journal of Plant Nutrition and Soil Science,3500,2350,2900,,,,,JPLN
PLR2,1940-3496,Journal of Plant Registrations,1000,800,900,,,,,PLR2
PAM,1520-6688,Journal of Policy Analysis and Management,3300,2200,2750,,,,,PAM
JPPI,1741-1130,Journal of Policy and Practice In Intellectual Disabilities,2500,1650,2100,,,,,JPPI
POL,2642-4169,Journal of Polymer Science,3200,2150,2650,,,,,POL
JPIM,1540-5885,Journal of Product Innovation Management,3000,2000,2500,,,,,JPIM
JOPR,1532-849X,Journal of Prosthodontics,3000,2000,2500,,,,,JOPR
JPM,1365-2850,Journal of Psychiatric and Mental Health Nursing,3600,2400,3000,,,,,JPM
PA,1479-1854,Journal of Public Affairs,2500,1667,2083,,,,,PA
JPET,1467-9779,Journal of Public Economic Theory,2600,1750,2150,,,,,JPET
JPHD,1752-7325,Journal of Public Health Dentistry,3100,2067,2583,,,,,JPHD
JQS,1099-1417,Journal of Quaternary Science,3750,2500,3100,,,,,JQS
JRS,1097-4555,Journal of Raman Spectroscopy,4300,2850,3600,,,,,JRS
JORS,1467-9787,Journal Of Regional Science,3100,2067,2583,,,,,JORS
JORE,1467-9795,Journal of Religious Ethics,2500,1650,2100,,,,,JORE
JORH,1467-9809,Journal of Religious History,2500,1667,2083,,,,,JORH
JORC,1755-6686,Journal of Renal Care,2500,1650,2100,,,,,JORC
JRIR,1467-9817,Journal of Research in Reading,3000,2000,2500,,,,,JRIR
TEA,1098-2736,Journal of Research in Science Teaching,3300,2200,2750,,,,,TEA
JRS3,1471-3802,Journal of Research in Special Educational Needs,3000,2000,2500,,,,,JRS3
JORA,1532-7795,Journal of Research On Adolescence,3100,2050,2600,,,,,JORA
JORI,1539-6975,Journal of Risk and Insurance,3000,2000,2500,,,,,JORI
JOSH,1746-1561,Journal of School Health,3000,2000,2500,,,,,JOSH
JOSS,1745-459X,Journal of Sensory Studies,3500,2300,2950,,,,,JOSS
JSSC,1615-9314,Journal of Separation Science,3500,2333,2917,,,,,JSSC
JSR,1365-2869,Journal of Sleep Research,3500,2333,2917,1000,667,834,,JSR
JSAP,1748-5827,Journal of Small Animal Practice,3400,2250,2850,,,,,JSAP
JOSI,1540-4560,Journal of Social Issues,3000,2000,2500,,,,,JOSI
JOSP,1467-9833,Journal of Social Philosophy,2500,1667,2083,,,,,JOSP
JOSL,1467-9841,Journal of Sociolinguistics,3100,2050,2600,,,,,JOSL
SMR,2047-7481,Journal of Software: Evolution and Process,3300,2200,2750,,,,,SMR
JSCH,1540-5818,Journal of Supreme Court History,2500,1667,2083,,,,,JSCH
JSCM,1745-493X,Journal of Supply Chain Management,3000,2000,2500,,,,,JSCM
JSDE,1558-9293,Journal of Surfactants and Detergents,3000,2000,2500,,,,,JSDE
JSO,1096-9098,Journal of Surgical Oncology,4200,2800,3500,,,,,JSO
JSY,1600-5775,Journal of Synchrotron Radiation,3750,2950,3400,1500,1122,1270,,JSY
JSE,1674-4918,Journal of Systematics and Evolution,3000,2000,2500,,,,,JSE
JTXS,1745-4603,Journal of Texture Studies,3000,2000,2500,,,,,JTXS
JACE,1551-2916,Journal of the American Ceramic Society,3300,2200,2750,2805,1870,2337.5,,JACE
AOCS,1558-9331,Journal of The American Oil Chemists' Society,3000,2000,2500,,,,,AOCS
JAWR,1752-1688,Journal of the American Water Resources Association,3000,2000,2500,,,,,JAWR
ASI,2330-1643,Journal of the Association for Information Science and Technology,3000,2000,2500,,,,,ASI
JCCS,2192-6549,Journal of the Chinese Chemical Society,3000,2000,2500,,,,,JCCS
JDV,1468-3083,Journal of the European Academy of Dermatology and Venereology,3950,2650,3300,,,,,JDV
JEAB,1938-3711,Journal of the Experimental Analysis of Behavior,2500,1650,2100,,,,,JEAB
JHBS,1520-6696,Journal of the History of the Behavioral Sciences,3100,2067,2583,,,,,JHBS
JIB,2050-0416,Journal of the Institute of Brewing,3100,2050,2600,,,,,JIB
JLMS,1469-7750,Journal of the London Mathematical Society,3000,2000,2500,,,,,JLMS
JNS,1529-8027,Journal of the Peripheral Nervous System,3800,2550,3150,,,,,JNS
JRAI,1467-9655,Journal of the Royal Anthropological Institute,3600,2400,3000,,,,,JRAI
RSSA,1467-985X,Journal of the Royal Statistical Society: Series A (Statistics in Society),3000,2000,2500,,,,,RSSA
RSSB,1467-9868,Journal of the Royal Statistical Society: Series B (Statistical Methodology),3000,2000,2500,,,,,RSSB
RSSC,1467-9876,Journal of the Royal Statistical Society: Series C (Applied Statistics),3000,2000,2500,,,,,RSSC
JSFA,1097-0010,Journal of the Science of Food and Agriculture,4400,2950,3950,,,,,JSFA
JSID,1938-3657,Journal of the Society for Information Display,3000,2000,2500,,,,,JSID
JTS5,2475-0387,Journal of Theoretical Social Psychology,2500,1667,2083,,,,,JTS5
JTH,1538-7836,Journal of Thrombosis and Haemostasis,3500,2500,3000,3250,2321,2786,,JTH
JTSA,1467-9892,Journal of Time Series Analysis,3500,2350,2900,,,,,JTSA
TERM,1932-7005,Journal of Tissue Engineering and Regenerative Medicine,4200,2800,3500,,,,,TERM
TOPO,1753-8424,Journal of Topology,3000,2000,2500,,,,,TOPO
JTS,1573-6598,Journal of Traumatic Stress,2750,1800,2300,,,,,JTS
JUM,1550-9613,Journal of Ultrasound in Medicine,3400,2250,2850,,,,,JUM
JVS,1654-1103,Journal of Vegetation Science,3800,2533,3167,,,,,JVS
VEC,1476-4431,Journal of Veterinary Emergency and Critical Care,2500,1650,2100,,,,,VEC
JVP,1365-2885,Journal of Veterinary Pharmacology and Therapeutics,4000,2650,3350,,,,,JVP
VNL,1548-0585,Journal of Vinyl & Additive Technology,3300,2200,2750,,,,,VNL
JVH,1365-2893,Journal of Viral Hepatitis,4100,2733,3417,,,,,JVH
JZS,1439-0469,Journal of Zoological Systematics and Evolutionary Research,3700,2450,3100,,,,,JZS
JZO,1469-7998,Journal of Zoology,3600,2400,3000,,,,,JZO
JFCJ,1755-6988,Juvenile and Family Court Journal,2500,1650,2100,,,,,JFCJ
KPM,1099-1441,Knowledge and Process Management,2500,1667,2083,,,,,KPM
KYKL,1467-6435,Kyklos,2900,1950,2400,,,,,KYKL
LABR,1467-9914,LABOUR,2500,1667,2083,,,,,LABR
LRE,1440-1770,"Lakes & Reservoirs: Science, Policy and Management for Sustainable Use",2500,1667,2083,,,,,LRE
LDR,1099-145X,Land Degradation and Development,4500,3000,3750,,,,,LDR
LNC3,1749-818X,Language & Linguistics Compass,2500,1667,2083,,,,,LNC3
LANG,1467-9922,Language Learning,3300,2200,2750,,,,,LANG
LPOR,1863-8899,Laser & Photonics Reviews,4200,2800,3500,,,,,LPOR
LSM,1096-9101,Lasers in Surgery and Medicine,4100,2750,3400,,,,,LSM
LAMP,2041-7373,Latin American Policy,2500,1650,2100,,,,,LAMP
LAPO,1467-9930,Law & Policy,2900,1900,2450,,,,,LAPO
LASR,1540-5893,Law & Society Review,2500,1650,2100,,,,,LASR
LTL,1531-5355,Leader to Leader,2500,1950,2170,,,,,LTL
LEAP,1741-4857,Learned Publishing,2900,1932,2257,2100,1400,1900,,LEAP
LDRP,1540-5826,Learning Disabilities Research & Practice,2500,1650,2100,,,,,LDRP
LCRP,2044-8333,Legal and Criminological Psychology,3100,2050,2600,,,,,LCRP
LSQ,1939-9162,Legislative Studies Quarterly,2600,1700,2200,,,,,LSQ
LET,1502-3931,Lethaia,3300,2200,2750,,,,,LET
LAM,1472-765X,Letters In Applied Microbiology,3400,2250,2850,,,,,LAM
LNO,1939-5590,Limnology and Oceanography,2500,1500,2000,1950,1170,1560,,LNO
LOB,1539-6088,Limnology and Oceanography Bulletin,2500,1500,2000,1950,1320,1760,,LOB
LOM3,1541-5856,Limnology and Oceanography: Methods,2500,1500,2000,1950,1170,1560,,LOM3
LIPD,1558-9307,Lipids,3000,2000,2500,,,,,LIPD
LIT,1741-4369,Literacy,3000,2000,2500,,,,,LIT
LIC3,1741-4113,Literature Compass,2500,1667,2083,,,,,LIC3
LIV,1478-3231,Liver International,4100,2733,3417,,,,,LIV
LT,1527-6473,Liver Transplantation,1800,1300,1700,,,,,LT
LS,1557-6833,Lubrication Science,3600,2400,3000,,,,,LS
BIO,1522-7243,Luminescence: The Journal of Biological and Chemical Luminescence,2900,1950,2400,,,,,BIO
LUTS,1757-5672,LUTS,2750,1850,2300,,,,,LUTS
MABI,1616-5195,Macromolecular Bioscience,4200,2800,3500,,,,,MABI
MACP,1521-3935,Macromolecular Chemistry and Physics,3800,2550,3150,,,,,MACP
MAME,1439-2054,Macromolecular Materials and Engineering,3800,2550,3150,,,,,MAME
MARC,1521-3927,Macromolecular Rapid Communications,3900,2600,3250,,,,,MARC
MREN,1862-8338,Macromolecular Reaction Engineering,3800,2550,3150,,,,,MREN
MASY,1521-3900,Macromolecular Symposia,3800,2550,3150,,,,,MASY
MATS,1521-3919,Macromolecular Theory and Simulations,3800,2550,3150,,,,,MATS
MRC,1097-458X,Magnetic Resonance in Chemistry,3900,2600,3250,,,,,MRC
MRM,1522-2594,Magnetic Resonance in Medicine,3500,2500,3000,2625,1875,2250,,MRM
MAM,1365-2907,Mammal Review,3000,2000,2500,,,,,MAM
MDE,1099-1468,Managerial and Decision Economics,2500,1667,2083,,,,,MDE
MAEC,1439-0485,Marine Ecology,3100,2067,2583,,,,,MAEC
MMS,1748-7692,Marine Mammal Science,3000,2000,2500,,,,,MMS
MAS,1098-2787,Mass Spectrometry Reviews,4000,2667,3333,,,,,MAS
MDP2,2577-6576,Material Design & Processing Communications,2500,1926,2295,,,,,MDP2
MACO,1521-4176,Materials and Corrosion,3700,2467,3083,,,,,MACO
MAWE,1521-4052,Materialwissenschaft und Werkstofftechnik,3000,2000,2500,,,,,MAWE
MAFI,1467-9965,Mathematical Finance,3200,2150,2650,,,,,MAFI
MALQ,1521-3870,Mathematical Logic Quarterly,2500,1667,2083,,,,,MALQ
MMA,1099-1476,Mathematical Methods in the Applied Sciences,3700,2450,3100,,,,,MMA
MANA,1522-2616,Mathematische Nachrichten,2500,1667,2083,,,,,MANA
MTK,2041-7942,Mathematika,3000,2300,2600,,,,,MTK
MVE,1365-2915,Medical and Veterinary Entomology,3600,2400,3000,,,,,MVE
MAQ,1548-1387,Medical Anthropology Quarterly,3000,2000,2500,,,,,MAQ
MDS3,2573-802X,Medical Devices & Sensors,3000,2000,2500,,,,,MDS3
MEDU,1365-2923,Medical Education,4300,2867,3583,,,,,MEDU
MJA2,1326-5377,Medical Journal of Australia,2500,1870,2115,,,,,MJA2
MP,2473-4209,Medical Physics,2950,1950,2450,,,,,MP
MED,1098-1128,Medicinal Research Reviews,3950,2650,3300,,,,,MED
META,1467-9973,Metaphilosophy,2500,1667,2083,,,,,META
MAPS,1945-5100,Meteoritics & Planetary Science,3000,2350,2700,,,,,MAPS
MEE3,2041-210X,Methods in Ecology and Evolution,3000,2000,2500,2250,1500,1875,,MEE3
MECA,1467-999X,Metroeconomica,2900,1950,2400,,,,,MECA
MIM,1348-0421,Microbiology and Immunology,2700,1800,2250,2160,1440,1800,,MIM
MICC,1549-8719,Microcirculation,3300,2200,2750,,,,,MICC
JEMT,1097-0029,Microscopy Research and Technique,3100,2067,2583,,,,,JEMT
MICR,1098-2752,Microsurgery,3300,2200,2750,,,,,MICR
MOP,1098-2760,Microwave and Optical Technology Letters,2900,1950,2400,,,,,MOP
MEPO,1475-4967,Middle East Policy,3000,2000,2500,,,,,MEPO
MILT,1094-348X,Milton Quarterly,2500,1667,2083,,,,,MILT
MILA,1468-0017,Mind & Language,3200,2133,2667,,,,,MILA
MBE,1751-228X,"Mind, Brain, and Education",2900,1950,2400,,,,,MBE
MLR,1468-2230,Modern Law Review,3000,2000,2500,,,,,MLR
MOTH,1468-0025,Modern Theology,2500,1667,2083,,,,,MOTH
MC,1098-2744,Molecular Carcinogenesis,4000,2650,3350,,,,,MC
MEC,1365-294X,Molecular Ecology,4250,3200,3700,,,,,MEC
MEN,1755-0998,Molecular Ecology Resources,4300,2850,3600,,,,,MEN
MINF,1868-1751,Molecular Informatics,3300,2200,2750,,,,,MINF
MMI,1365-2958,Molecular Microbiology,3250,2321,2786,,,,,MMI
MNFR,1613-4133,Molecular Nutrition & Food Research,4200,2800,3500,,,,,MNFR
OMI,2041-1014,Molecular Oral Microbiology,3700,2467,3083,,,,,OMI
MRD,1098-2795,Molecular Reproduction & Development,3600,2400,3000,,,,,MRD
MONO,1540-5834,Monographs of the Society for Research in Child Development,2500,1667,2083,,,,,MONO
MDS,1531-8257,Movement Disorders,3300,2200,2750,,,,,MDS
MDC3,2330-1619,Movement Disorders Clinical Practice(Electronic),2500,1650,2100,,,,,MDC3
MUS,1097-4598,Muscle & Nerve,3750,2500,3100,,,,,MUS
MSC,1557-0681,Musculoskeletal Care,2500,1667,2083,,,,,MSC
MUAN,1548-1379,Museum Anthropology,3000,2000,2500,,,,,MUAN
MUSA,1468-2249,Music Analysis,2500,1650,2100,,,,,MUSA
MYC,1439-0507,Mycoses,4100,2750,3400,,,,,MYC
NANA,1469-8129,Nations and Nationalism,2750,1850,2300,,,,,NANA
NARF,1477-8947,Natural Resources Forum,2500,1650,2100,,,,,NARF
NSE2,2168-8281,Natural Sciences Education,1000,800,900,,,,,NSE2
NAV,1520-6750,Naval Research Logistics,2700,1800,2250,,,,,NAV
NAVI,2161-4296,Navigation,3000,2000,2700,,,,,NAVI
NSG,1873-0604,Near Surface Geophysics,2500,1850,2100,,,,,NSG
NEJO,1571-9979,Negotiation Journal,2500,1650,2100,,,,,NEJO
NEP,1440-1797,Nephrology,3600,2400,3000,,,,,NEP
NET,1097-0037,Networks,2750,1850,2300,,,,,NET
NMO,1365-2982,Neurogastroenterology & Motility,4100,2750,3400,,,,,NMO
NCN3,2049-4173,Neurology and Clinical Neuroscience,2500,1667,2083,,,,,NCN3
NER,1525-1403,Neuromodulation,4100,2750,3400,,,,,NER
NEUP,1440-1789,Neuropathology,3000,2000,2500,,,,,NEUP
NAN,1365-2990,Neuropathology and Applied Neurobiology,3300,2200,2750,,,,,NAN
NAU,1520-6777,Neurourology and Urodynamics,4100,2733,3417,,,,,NAU
NBFR,1741-2005,New Blackfriars,2500,1650,2100,,,,,NBFR
ACE,1536-0717,New Directions for Adult and Continuing Education,3000,2000,2500,,,,,ACE
CAD,1534-8687,New Directions for Child and Adolescent Development,3000,2000,2500,,,,,CAD
CC,1536-0733,New Directions for Community Colleges,3000,2000,2500,,,,,CC
EV,1534-875X,New Directions for Evaluation,3000,2000,2500,,,,,EV
HE,1536-0741,New Directions for Higher Education,3000,2000,2500,,,,,HE
IR,1536-075X,New Directions for Institutional Research,3000,2000,2500,,,,,IR
YD,2373-3357,New Directions for Student Leadership,3000,2500,2000,,,,,YD
SS,1536-0695,New Directions for Student Services,3000,2000,2500,,,,,SS
TL,1536-0768,New Directions for Teaching and Learning,3000,2000,2500,,,,,TL
NPH,1469-8137,New Phytologist,3000,2000,2500,,,,,NPH
NTWE,1468-005X,"New Technology, Work and Employment",2900,1933,2417,,,,,NTWE
NZG,1745-7939,New Zealand Geographer,2500,1667,2083,,,,,NZG
NBM,1099-1492,NMR in Biomedicine,4300,2867,3583,,,,,NBM
NJB,1756-1051,Nordic Journal of Botany,2200,1100,1650,,,,,NJB
NAAQ,1548-8454,North American Journal of Aquaculture,3000,2000,2500,,,,,NAAQ
NML,1542-7854,Nonprofit Management and Leadership,3000,2000,2500,,,,,NML
NAFM,1548-8675,North American Journal of Fisheries Management,3650,2450,3050,,,,,NAFM
NOUS,1468-0068,Noûs,2500,1650,2100,,,,,NOUS
NLA,1099-1506,Numerical Linear Algebra With Applications,3600,2400,3000,,,,,NLA
NUM,1098-2426,Numerical Methods for Partial Differential Equations,2750,1850,2300,,,,,NUM
NHS,1442-2018,Nursing & Health Sciences,3300,2200,2750,,,,,NHS
NUF,1744-6198,Nursing Forum,2500,1667,2083,,,,,NUF
NICC,1478-5153,Nursing In Critical Care,2500,1650,2100,,,,,NICC
NIN,1440-1800,Nursing Inquiry,3600,2400,3000,,,,,NIN
NUP,1466-769X,Nursing Philosophy,3000,2000,2500,,,,,NUP
NDI,1747-0080,Nutrition & Dietetics,2700,1800,2250,,,,,NDI
NBU,1467-3010,Nutrition Bulletin,2500,1667,2083,,,,,NBU
NCP,1941-2452,Nutrition in Clinical Practice,3100,2050,2600,2000,1333,1667,,NCP
OBY,1930-739X,Obesity,4000,2850,3400,,,,,OBY
OBR,1467-789X,Obesity Reviews,4300,2850,3600,,,,,OBR
OCEA,1834-4461,Oceania,2500,1667,2083,,,,,OCEA
OIK,1600-0706,Oikos,2650,1350,2000,,,,,OIK
OPEC,1753-0237,OPEC Energy Review,2500,1667,2083,,,,,OPEC
OPO,1475-1313,Ophthalmic and Physiological Optics,3300,2200,2750,,,,,OPO
OCA,1099-1514,Optimal Control Applications and Methods,3300,2200,2750,,,,,OCA
ODI,1601-0825,Oral Diseases,3950,2650,3300,,,,,ODI
OSI2,1881-4204,Oral Science International,3000,2000,2500,,,,,OSI2
ORS,1752-248X,Oral Surgery,2500,1667,2083,,,,,ORS
OLI,1600-0730,Orbis Litterarum,2500,1667,2083,,,,,OLI
OCR,1601-6343,Orthodontics & Craniofacial Research,3500,2350,2900,,,,,OCR
OBES,1468-0084,Oxford Bulletin of Economics and Statistics,3000,2000,2500,,,,,OBES
OJOA,1468-0092,Oxford Journal of Archaeology,2500,1667,2083,,,,,OJOA
PAER,1468-0106,Pacific Economic Review,2500,1667,2083,,,,,PAER
PAFO,1976-5118,Pacific Focus,2500,1667,2083,,,,,PAFO
PAPQ,1468-0114,Pacific Philosophical Quarterly,2500,1667,2083,,,,,PAPQ
PACE,1540-8159,Pacing and Clinical Electrophysiology,3200,2150,2650,,,,,PACE
PTS,1099-1522,Packaging Technology and Science,3500,2333,2917,,,,,PTS
PPE,1365-3016,Paediatric and Perinatal Epidemiology,4200,2800,3500,,,,,PPE
PAPR,1533-2500,Pain Practice,3900,2600,3250,,,,,PAPR
PALA,1475-4983,Palaeontology,4300,2850,3600,,,,,PALA
PALO,1944-9186,Paleoceanography and Paleoclimatology,3600,2571,3086,,,,,PALO
SPP2,2056-2802,Papers in Palaeontology,3300,2200,2950,,,,,SPP2
PIRS,1435-5957,Papers In Regional Science,3000,2000,2500,1500,1000,1250,,PIRS
PIM,1365-3024,Parasite Immunology,3200,2150,2650,,,,,PIM
PARH,1750-0206,Parliamentary History,2500,1650,2100,,,,,PARH
PPSC,1521-4117,Particle & Particle Systems Characterization,3800,2550,3150,,,,,PPSC
PIN,1440-1827,Pathology International,3300,2200,2750,,,,,PIN
PECH,1468-0130,Peace & Change,3000,2000,2500,,,,,PECH
PAI,1399-3038,Pediatric Allergy and Immunology,4300,2867,3583,,,,,PAI
PAN,1460-9592,Pediatric Anesthesia,3500,2333,2917,,,,,PAN
MPO,1545-5017,Pediatric Blood & Cancer,3550,2350,2950,,,,,MPO
PDE,1525-1470,Pediatric Dermatology,3400,2250,2850,,,,,PDE
PEDI,1399-5448,Pediatric Diabetes,4300,2850,3600,,,,,PEDI
IJPO,2047-6310,Pediatric Obesity,4200,2800,3500,,,,,IJPO
PPUL,1099-0496,Pediatric Pulmonology,4200,2800,3500,,,,,PPUL
PETR,1399-3046,Pediatric Transplantation,3400,2250,2850,,,,,PETR
PED,1442-200X,Pediatrics International,2700,1800,2250,,,,,PED
PEP2,2475-8817,Peptide Science,3300,2200,2750,,,,,PEP2
PFI,1930-8272,Performance Improvement,3000,2000,2500,,,,,PFI
PIQ,1937-8327,Performance Improvement Quarterly,3000,2000,2500,,,,,PIQ
PRD,1600-0757,Periodontology 2000,3300,2200,2750,,,,,PRD
PPP,1099-1530,Permafrost and Periglacial Processes,3300,2200,2750,,,,,PPP
PERE,1475-6811,Personal Relationships,2800,1850,2350,,,,,PERE
PMH,1932-863X,Personality and Mental Health,2800,1850,2350,,,,,PMH
PEPS,1744-6570,Personnel Psychology,2500,1667,2083,,,,,PEPS
PPC,1744-6163,Perspectives In Psychiatric Care,3300,2200,2750,,,,,PPC
PSRH,1931-2393,Perspectives On Sexual and Reproductive Health,2500,1650,2100,,,,,PSRH
PS,1526-4998,Pest Management Science,4400,2933,3960,,,,,PS
PST,1539-1612,Pharmaceutical Statistics,4200,2800,3500,,,,,PST
PDS,1099-1557,Pharmacoepidemiology and Drug Safety,4500,3200,3850,,,,,PDS
PHAR,1875-9114,Pharmacotherapy: The Journal of Human Pharmacology and Drug Therapy,3300,2200,2750,,,,,PHAR
PHIL,0031-806X,Philosophical Forum,2500,1650,2100,,,,,PHIL
PHIN,1467-9205,Philosophical Investigations,2500,1650,2100,,,,,PHIN
PHIS,1758-2237,Philosophical Issues,2500,1650,2100,,,,,PHIS
PHPE,1758-2245,Philosophical Perspectives,3000,2000,2500,,,,,PHPE
PAPA,1088-4963,Philosophy & Public Affairs,3000,2000,2500,,,,,PAPA
PHPR,1933-1592,Philosophy and Phenomenological Research,2500,1650,2100,,,,,PHPR
PHC3,1747-9991,Philosophy Compass,2500,1667,2083,,,,,PHC3
PHP,1751-1097,Photochemistry and Photobiology,3300,2200,2750,,,,,PHP
PHPP,1600-0781,"Photodermatology, Photoimmunology & Photomedicine",3600,2400,3000,,,,,PHPP
PRE,1440-1835,Phycological Research,3300,2200,2750,,,,,PRE
PSSA,1862-6319,physica status solidi (a) applications and materials science,3800,2550,3150,,,,,PSSA
PSSB,1521-3951,physica status solidi (b) basic solid state physics,3800,2550,3150,,,,,PSSB
PSSR,1862-6270,physica status solidi (RRL) rapid research letters,3800,2550,3150,,,,,PSSR
PIUZ,1521-3943,Physik in unserer Zeit,3000,2000,2500,,,,,PIUZ
PPL,1399-3054,Physiologia Plantarum,3650,2450,3050,2738,1838,2288,,PPL
PHEN,1365-3032,Physiological Entomology,3500,2300,2950,,,,,PHEN
PRI,1471-2865,Physiotherapy Research International,2500,1667,2083,,,,,PRI
PCA,1099-1565,Phytochemical Analysis,3200,2150,2650,,,,,PCA
PTR,1099-1573,Phytotherapy Research,4100,2750,3400,,,,,PTR
PCMR,1755-148X,Pigment Cell & Melanoma Research,4300,2850,3600,,,,,PCMR
PLB,1438-8677,Plant Biology,3000,2000,2500,,,,,PLB
PBR,1439-0523,Plant Breeding,3900,2600,3250,,,,,PBR
PPA,1365-3059,Plant Pathology,3950,2650,3300,,,,,PPA
PSBI,1442-1984,Plant Species Biology,2750,1850,2300,,,,,PSBI
PCE,1365-3040,"Plant, Cell & Environment",4300,2867,3583,,,,,PCE
PPAP,1612-8869,Plasma Processes and Polymers,4300,2850,3600,,,,,PPAP
PMR,1934-1563,PM&R,3000,2000,2500,,,,,PMR
PLAR,1555-2934,PoLAR: Political and Legal Anthropology Review,3000,2000,2500,,,,,PLAR
POI3,1944-2866,Policy & Internet (Electronic),2750,1800,2300,,,,,POI3
PSJ,1541-0072,Policy Studies Journal,3200,2150,2650,,,,,PSJ
POPS,1467-9221,Political Psychology,3200,2150,2650,,,,,POPS
POLQ,1538-165X,Political Science Quarterly,2500,1650,2100,,,,,POLQ
POLP,1747-1346,Politics & Policy,2500,1650,2100,,,,,POLP
PC,1548-0569,Polymer Composites,3300,2200,2750,,,,,PC
PCR2,2573-7619,Polymer Crystallization,3000,2000,2500,,,,,PCR2
PEN,1548-2634,Polymer Engineering & Science,3300,2200,2750,,,,,PEN
PI,1097-0126,Polymer International,3700,2467,3330,,,,,PI
PAT,1099-1581,Polymers for Advanced Technologies,3600,2400,3000,,,,,PAT
PADR,1728-4457,Population and Development Review,3000,2000,2500,,,,,PADR
POPE,1438-390X,Population Ecology,3000,2000,2500,,,,,POPE
PSP,1544-8452,"Population, Space and Place",3700,2450,3100,,,,,PSP
POP4,1944-2858,Poverty & Public Policy (Electronic),2500,1650,2100,,,,,POP4
PD,1097-0223,Prenatal Diagnosis,4200,2800,3500,,,,,PD
PSQ,1741-5705,Presidential Studies Quarterly,3000,2000,2500,,,,,PSQ
2130,1617-7061,Proceedings in Applied Mathematics & Mechanics,2500,1667,2083,,,,,2130
PLMS,1460-244X,Proceedings of the London Mathematical Society,3600,2400,3000,,,,,PLMS
PRS,1547-5913,Process Safety Progress,3000,2000,2500,,,,,PRS
POMS,1937-5956,Production and Operations Management,2500,1650,2100,,,,,POMS
PIP,1099-159X,Progress in Photovoltaics: Research and Applications,4500,3000,3750,,,,,PIP
PREP,1521-4087,"Propellants, Explosives, Pyrotechnics",3300,2200,2750,,,,,PREP
PRO,1469-896X,Protein Science,3300,2000,2650,2640,1600,2120,,PRO
PROT,1097-0134,"Proteins: Structure, Function, and Bioinformatics",3900,2600,3250,,,,,PROT
PMIC,1615-9861,Proteomics,4000,2700,3300,,,,,PMIC
PRCA,1862-8354,PROTEOMICS - Clinical Applications,3800,2550,3150,,,,,PRCA
PCHJ,2046-0260,PsyCh Journal,2500,1667,2083,,,,,PCHJ
PCN,1440-1819,Psychiatry and Clinical Neurosciences,2000,1500,1700,1500,1125,1275,,PCN
PSYG,1479-8301,Psychogeriatrics,3000,2000,2550,,,,,PSYG
MAR,1520-6793,Psychology & Marketing,3000,2000,2500,,,,,MAR
PAPT,2044-8341,"Psychology and Psychotherapy: Theory, Research and Practice",3300,2200,2750,,,,,PAPT
PITS,1520-6807,Psychology in the Schools,2500,1667,2083,,,,,PITS
PON,1099-1611,Psycho-Oncology,4300,2867,3583,,,,,PON
PSYP,1469-8986,Psychophysiology,3700,2450,3100,,,,,PSYP
PPI,1556-9195,Psychotherapy and Politics International,2500,1667,2083,,,,,PPI
PADM,1467-9299,Public Administration,3600,2400,3000,,,,,PADM
PAD,1099-162X,Public Administration and Development,2600,1733,2167,,,,,PAD
PUAR,1540-6210,Public Administration Review,3700,2500,3050,,,,,PUAR
PBAF,1540-5850,Public Budgeting & Finance,3000,2000,2500,,,,,PBAF
PHN,1525-1446,Public Health Nursing,3100,2100,2550,,,,,PHN
QRE,1099-1638,Quality and Reliability Engineering International,3700,2467,3083,,,,,QRE
QUE2,2577-0470,Quantum Engineering,3000,2000,2500,,,,,QUE2
QJ,1477-870X,Quarterly Journal of the Royal Meteorological Society,3465,2300,2900,2770,1840,2320,,QJ
RADM,1467-9310,R&D Management,3000,2000,2500,,,,,RADM
RDS,1944-799X,Radio Science,3600,2571,3086,,,,,RDS
RSA,1098-2418,Random Structures & Algorithms,3900,2600,3250,,,,,RSA
RCM,1097-0231,Rapid Communications in Mass Spectrometry,4200,2800,3500,,,,,RCM
RATI,1467-9329,Ratio,2500,1667,2083,,,,,RATI
RAJU,1467-9337,Ratio Juris,2500,1667,2083,,,,,RAJU
RRQ,1936-2722,Reading Research Quarterly,3200,2133,2667,,,,,RRQ
REEC,1540-6229,Real Estate Economics,2500,1667,2083,,,,,REEC
RSP3,1757-7802,Regional Science Policy & Practice,2500,1650,2100,,,,,RSP3
REGO,1748-5991,Regulation & Governance,3300,2200,2750,,,,,REGO
REC3,1749-8171,Religion Compass,2500,1667,2083,,,,,REC3
RSR,1748-0922,Religious Studies Review,2500,1650,2100,,,,,RSR
REM,1520-6831,Remediation,3000,2000,2500,,,,,REM
REST,1477-4658,Renaissance Studies,2500,1650,2100,,,,,REST
RDA,1439-0531,Reproduction in Domestic Animals,3600,2400,3000,,,,,RDA
NUR,1098-240X,Research in Nursing & Health,3600,2400,3000,,,,,NUR
JRSM,1759-2887,Research Synthesis Methods,2750,1800,2300,,,,,JRSM
RGE,1751-3928,Resource Geology,3100,2067,2583,1550,1033,1291,,RGE
RESP,1440-1843,Respirology,4000,2667,3333,,,,,RESP
REC,1526-100X,Restoration Ecology,3200,2150,2650,,,,,REC
RODE,1467-9361,Review of Development Economics,2700,1800,2250,,,,,RODE
REV3,2049-6613,Review of Education,3000,2000,2500,,,,,REV3
REEL,2050-0394,"Review of European, Comparative & International Environmental Law",2750,1850,2300,,,,,REEL
RFE,1873-5924,Review of Financial Economics,3000,2000,2500,,,,,RFE
ROIW,1475-4991,Review of Income and Wealth,2800,1850,2350,,,,,ROIW
ROIE,1467-9396,Review of International Economics,2900,1950,2400,,,,,ROIE
ROPR,1541-1338,Review of Policy Research,3000,2000,2500,,,,,ROPR
RAQ,1753-5131,Reviews in Aquaculture,3300,2200,2750,,,,,RAQ
RMV,1099-1654,Reviews in Medical Virology,3700,2450,3100,,,,,RMV
RIRT,1467-9418,Reviews in Religion & Theology,2500,1667,2083,,,,,RIRT
ROG,1944-9208,Reviews of Geophysics,3600,2571,3086,,,,,ROG
ILRS,1564-9148,Revista Internacional del Trabajo,2500,1667,2083,,,,,ILRS
ILRF,1564-9121,Revue internationale du Travail,2500,1667,2083,,,,,ILRF
RISA,1539-6924,Risk Analysis,3600,2400,3000,,,,,RISA
RMIR,1540-6296,Risk Management and Insurance Review,3000,2000,2500,,,,,RMIR
RHC3,1944-4079,"Risk, Hazards & Crisis in Public Policy(Electronic)",2500,1650,2100,,,,,RHC3
RRA,1535-1467,River Research and Applications,3800,2550,3150,,,,,RRA
RUSO,1549-0831,Rural Sociology,2750,1800,2300,,,,,RUSO
SCS,1471-6712,Scandinavian Journal of Caring Sciences,2500,1667,2083,,,,,SCS
SJI,1365-3083,Scandinavian Journal of Immunology,3300,2200,2750,,,,,SJI
SMS,1600-0838,Scandinavian Journal of Medicine & Science in Sports,3350,2250,2800,,,,,SMS
SJOP,1467-9450,Scandinavian Journal of Psychology,3400,2267,2833,,,,,SJOP
SJOS,1467-9469,Scandinavian Journal of Statistics,2750,1800,2300,,,,,SJOS
SCPS,1467-9477,Scandinavian Political Studies,2600,1750,2150,,,,,SCPS
SSM,1949-8594,School Science and Mathematics,2500,1650,2100,,,,,SSM
SCE,1098-237X,Science Education,3700,2467,3083,,,,,SCE
SJPE,1467-9485,Scottish Journal of Political Economy,2500,1650,2100,,,,,SJPE
SPY2,2475-6725,Security and Privacy,3000,2000,2500,,,,,SPY2
SED,1365-3091,Sedimentology,3700,2467,3083,,,,,SED
SDI,1525-139X,Seminars in Dialysis,3300,2200,2750,,,,,SDI
SSCP,2573-1815,Separation Science Plus,3000,2000,2500,,,,,SSCP
SGP2,2639-5355,"Sexuality, Gender & Policy",3000,2000,2500,,,,,SGP2
SIGN,1740-9713,Significance,2500,1667,2083,,,,,SIGN
SJTG,1467-9493,Singapore Journal of Tropical Geography,2500,1667,2083,,,,,SJTG
SRT,1600-0846,Skin Research and Technology,3800,2550,3150,,,,,SRT
SMLL,1613-6829,Small,5000,3750,4375,,,,,SMLL
SMTD,2366-9608,Small Methods,3800,2550,3150,,,,,SMTD
E506,2688-4062,Small Structures,3800,2550,3150,,,,,E506
SPC3,1751-9004,Social and Personality Psychology Compass,2500,1667,2083,,,,,SPC3
SOCA,1469-8676,Social Anthropology,3000,2000,2500,,,,,SOCA
SODE,1467-9507,Social Development,2900,1933,2417,,,,,SODE
SIPR,1751-2409,Social Issues and Policy Review,3000,2000,2500,,,,,SIPR
SPOL,1467-9515,Social Policy & Administration,3700,2500,3050,,,,,SPOL
SSQU,1540-6237,Social Science Quarterly,2600,1700,2200,,,,,SSQU
SORU,1467-9523,Sociologia Ruralis,3200,2150,2650,,,,,SORU
SOCF,1573-7861,Sociological Forum,2800,1850,2350,,,,,SOCF
SOIN,1475-682X,Sociological Inquiry,2500,1650,2100,,,,,SOIN
SOC4,1751-9020,Sociology Compass,2600,1750,2150,,,,,SOC4
SHIL,1467-9566,Sociology of Health & Illness,3600,2400,3000,,,,,SHIL
STVR,1099-1689,"Software Testing, Verification & Reliability",3600,2400,3000,,,,,STVR
SPE,1097-024X,Software: Practice and Experience,3600,2400,3000,,,,,SPE
SUM,1475-2743,Soil Use and Management,3500,2333,2917,,,,,SUM
SAJ2,1435-0661,Soil Science Society of America Journal,1000,800,900,,,,,SAJ2
SOLR,2367-198X,Solar RRL,3800,2550,3150,,,,,SOLR
SONO,2054-6750,Sonography,2500,1667,2083,,,,,SONO
SOEJ,2325-8012,Southern Economic Journal,2600,1944,2200,,,,,SOEJ
SCD,1754-4505,Special Care in Dentistry,2500,1667,2083,,,,,SCD
STAR,1521-379X,Starch,3800,2550,3150,,,,,STAR
STA4,2049-1573,Stat,2950,1950,2450,,,,,STA4
STAN,1467-9574,Statistica Neerlandica,2950,1950,2450,,,,,STAN
SAM,1932-1872,Statistical Analysis and Data Mining,3600,2400,3000,,,,,SAM
SIM,1097-0258,Statistics in Medicine,4500,3200,3900,,,,,SIM
STCO,1867-0539,Steel Construction: Design and Research,2500,1650,2100,,,,,STCO
SRIN,1869-344X,Steel Research International,3800,2550,3150,,,,,SRIN
STR,1475-1305,Strain,3700,2450,3100,,,,,STR
JSC,1099-1697,Strategic Change: Briefings in EntrepreneurialFinance,3000,2000,2500,,,,,JSC
SEJ,1932-443X,Strategic Entrepreneurship Journal,3000,2000,2500,,,,,SEJ
SMJ,1097-0266,Strategic Management Journal,3500,2350,2900,,,,,SMJ
SMI,1532-2998,Stress and Health,3300,2200,2750,,,,,SMI
2084,1751-7648,Structural Concrete,3000,2350,2700,,,,,2084
STC,1545-2263,Structural Control and Health Monitoring,3900,2650,3250,,,,,STC
STUL,1467-9582,Studia Linguistica,2500,1650,2100,,,,,STUL
SAPM,1467-9590,Studies in Applied Mathematics,3900,2650,3250,,,,,SAPM
SENA,1754-9469,Studies In Ethnicity and Nationalism,3000,2000,2500,,,,,SENA
SIFP,1728-4465,Studies in Family Planning,3000,2000,2500,,,,,SIFP
SLTB,1943-278X,Suicide and Life-Threatening Behavior,3200,2150,2650,,,,,SLTB
SUFL,1467-9604,Support for Learning,3000,2000,2500,,,,,SUFL
SIA,1096-9918,Surface and Interface Analysis,3200,2150,2650,,,,,SIA
ASH,1744-1633,Surgical Practice,2500,1667,2083,,,,,ASH
SD,1099-1719,Sustainable Development,3500,2333,2917,,,,,SD
SPSR,1662-6370,Swiss Political Science Review,2400,1200,1800,,,,,SPSR
SYMB,1533-8665,Symbolic Interaction,2750,1800,2300,,,,,SYMB
SYN,1098-2396,Synapse,3100,2050,2600,,,,,SYN
SYNT,1467-9612,Syntax,2800,1867,2333,,,,,SYNT
SDR,1099-1727,System Dynamics Review,2900,1900,2450,2320,1520,1960,,SDR
SYEN,1365-3113,Systematic Entomology,3950,2650,3300,,,,,SYEN
SYS,1520-6858,Systems Engineering,3000,2000,2700,,,,,SYS
SRES,1099-1743,Systems Research and Behavioral Science,2900,1933,2417,,,,,SRES
TAX,1996-8175,TAXON,2127,1591,1800,,,,,TAX
TEST,1467-9639,Teaching Statistics,2500,1650,2100,,,,,TEST
TETH,1467-9647,Teaching Theology & Religion,2500,1667,2083,,,,,TETH
TECT,1944-9194,Tectonics,3600,2571,3086,,,,,TECT
TER,1365-3121,Terra Nova,3600,2400,3000,,,,,TER
TESJ,1949-3533,TESOL Journal,2500,1650,2100,,,,,TESJ
TESQ,1545-7249,TESOL Quarterly,2500,1650,2100,,,,,TESQ
AJES,1536-7150,The American Journal of Economics and Sociology,2500,1650,2100,,,,,AJES
AJAD,1521-0391,The American Journal on Addictions,3000,2000,2500,,,,,AJAD
AR,1932-8494,The Anatomical Record,3800,2550,3150,,,,,AR
AERE,1467-8462,The Australian Economic Review,2500,1667,2083,,,,,AERE
AJAR,1467-8489,The Australian Journal of Agricultural and Resource Economics,2500,1667,2083,,,,,AJAR
TAJA,1757-6547,The Australian Journal of Anthropology,2600,1733,2167,,,,,TAJA
TBJ,1524-4741,The Breast Journal,3600,2350,3050,,,,,TBJ
BJOS,1468-4446,The British Journal of Sociology,3200,2400,2700,,,,,BJOS
CAG,1541-0064,The Canadian Geographer/Le Geographe Canadien,2500,1667,2083,,,,,CAG
CJCE,1939-019X,The Canadian Journal of Chemical Engineering,3000,2000,2500,,,,,CJCE
CJS,1708-945X,The Canadian Journal of Statistics/La revue canadienne de statistique,2700,1800,2250,,,,,CJS
CDQ,2161-0045,The Career Development Quarterly,2500,1650,2100,,,,,CDQ
TCR,1528-0691,The Chemical Record,4200,2625.49,3500,,,,,TCR
TCT,1743-498X,"Clinical Teacher, The",2750,1850,2300,,,,,TCT
CURJ,1469-3704,The Curriculum Journal,3000,2000,2500,,,,,CURJ
CRJ,1752-699X,The Clinical Respiratory Journal,3100,2067,2583,,,,,CRJ
DEVE,1746-1049,The Developing Economies,2500,1667,2083,,,,,DEVE
HER,1468-0289,The Economic History Review,3000,2000,2500,,,,,HER
EREV,1758-6623,The Ecumenical Review,2500,1650,2100,,,,,EREV
ISD2,1681-4835,The Electronic Journal of Information Systems in Developing Countries,3900,2600,3250,,,,,ISD2
EMBJ,1460-2075,The EMBO Journal,5200,4200,4700,,,,,EMBJ
FSB2,1530-6860,The FASEB Journal,2500,1667,2083,,,,,FSB2
FEBS,1742-4658,The FEBS Journal,4200,2800,3500,,,,,FEBS
FIRE,1540-6288,The Financial Review,2500,1650,2100,,,,,FIRE
GEOJ,1475-4959,The Geographical Journal,3000,2000,2500,,,,,GEOJ
GEQU,1756-1183,The German Quarterly,2500,1650,2100,,,,,GEQU
HEYJ,1468-2265,The Heythrop Journal,2500,1650,2100,,,,,HEYJ
HOJO,2059-1101,The Howard Journal of Crime and Justice,3000,2000,2500,,,,,HOJO
HPM,1099-1751,The International Journal of Health Planning and Management,3600,2400,3000,,,,,HPM
RCS,1478-596X,The International Journal of Medical Robotics and Computer Assisted Surgery,3400,2250,2850,,,,,RCS
JACC,1542-734X,The Journal of American Culture,2500,1650,2100,,,,,JACC
CNE,1096-9861,The Journal of Comparative Neurology,4300,3225,3763,,,,,CNE
CBE2,2379-6154,The Journal of Competency-Based Education,2500,1870,2116,,,,,CBE2
JOCB,2162-6057,The Journal of Creative Behavior,2500,1650,2100,,,,,JOCB
JDE,1346-8138,The Journal of Dermatology,3630,2400,3050,,,,,JDE
JOFI,1540-6261,The Journal of Finance,3500,2618,2962,,,,,JOFI
JFIR,1475-6803,The Journal of Financial Research,3000,2000,2500,,,,,JFIR
FUT,1096-9934,The Journal of Futures Markets,2800,1850,2350,,,,,FUT
JGM,1521-2254,The Journal of Gene Medicine,3300,2200,2750,,,,,JGM
JOHC,2161-1939,The Journal of Humanistic Counseling,2500,1650,2100,,,,,JOHC
JOIE,1467-6451,The Journal of Industrial Economics,2900,1933,2417,,,,,JOIE
PATH,1096-9896,The Journal of Pathology,4500,3000,3800,,,,,PATH
TJP,1469-7793,The Journal of Physiology,4700,3150,3900,,,,,TJP
JOPP,1467-9760,The Journal of Political Philosophy,3000,2000,2500,,,,,JOPP
JPCU,1540-5931,The Journal of Popular Culture,2500,1650,2100,,,,,JPCU
JRH,1748-0361,The Journal of Rural Health,3300,2200,2750,,,,,JRH
JWMG,1937-2817,The Journal of Wildlife Management,3300,2200,2750,,,,,JWMG
JWIP,1747-1796,The Journal of World Intellectual Property,2500,1667,2083,,,,,JWIP
LARY,1531-4995,The Laryngoscope,4100,2733,3417,,,,,LARY
MANC,1467-9957,The Manchester School,2500,1667,2083,,,,,MANC
MILQ,1468-0009,The Milbank Quarterly,3800,2550,3150,,,,,MILQ
MODL,1540-4781,The Modern Language Journal,3300,2200,2750,,,,,MODL
MUWO,1478-1913,The Muslim World,2500,1650,2100,,,,,MUWO
TOG,1744-4667,The Obstetrician & Gynaecologist,2500,1650,2100,,,,,TOG
PHOR,1477-9730,The Photogrammetric Record,2600,1750,2150,,,,,PHOR
TPJ,1365-313X,The Plant Journal,4400,3100,3750,3300,2325,2812.5,,TPJ
POQU,1467-923X,The Political Quarterly,3000,2000,2500,,,,,POQU
PROS,1097-0045,The Prostate,3550,2350,2950,,,,,PROS
RAND,1756-2171,The RAND Journal of Economics,3100,2067,2583,,,,,RAND
TRTR,1936-2714,The Reading Teacher,2500,1650,2100,,,,,TRTR
RUSS,1467-9434,The Russian Review,2500,1650,2100,,,,,RUSS
SJOE,1467-9442,The Scandinavian Journal of Economics,3000,2000,2500,,,,,SJOE
SAJE,1813-6982,The South African Journal of Economics,2500,1650,2100,,,,,SAJE
SJP,2041-6962,The Southern Journal of Philosophy,2500,1650,2100,,,,,SJP
TAL,1541-7808,The Structural Design of Tall and Special Buildings,3900,2600,3250,,,,,TAL
TWEC,1467-9701,The World Economy,3100,2050,2600,,,,,TWEC
THEO,1755-2567,Theoria,2500,1650,2100,,,,,THEO
TAP,1744-9987,Therapeutic Apheresis and Dialysis,3100,2067,2583,,,,,TAP
THT3,2161-2234,Thought: A Journal of Philosophy,2500,1650,2100,,,,,THT3
TIE,1520-6874,Thunderbird International Business Review,3000,2000,2500,,,,,TIE
TESG,1467-9663,Tijdschrift voor Economische en Sociale Geografie,3000,2000,2500,,,,,TESG
TOPS,1756-8765,Topics in Cognitive Science,2900,1933,2417,,,,,TOPS
TKM2,2053-4515,Traditional & Kampo Medicine,2200,1100,1650,,,,,TKM2
TRA,1600-0854,Traffic,3450,2300,2900,,,,,TRA
TGIS,1467-9671,Transactions in GIS,3300,2200,2750,,,,,TGIS
TAFS,1548-8659,Transactions of the American Fisheries Society,3600,2400,3000,,,,,TAFS
TRAN,1475-5661,Transactions of the Institute of British Geographers,3300,2200,2750,,,,,TRAN
TRPS,1467-968X,Transactions of the Philological Society,2500,1650,2100,,,,,TRPS
ETT,2161-3915,Transactions on Emerging Telecommunications Technologies,3000,2000,2500,,,,,ETT
TBED,1865-1682,Transboundary and Emerging Diseases,4800,3200,4000,,,,,TBED
TRAA,1548-7466,Transforming Anthropology,3000,2000,2500,,,,,TRAA
TRF,1537-2995,Transfusion,3900,2600,3250,,,,,TRF
TME,1365-3148,Transfusion Medicine,2750,1850,2300,,,,,TME
TSM2,2573-8488,Translational Sports Medicine,3300,2200,2750,,,,,TSM2
TID,1399-3062,Transplant Infectious Disease,3100,2100,2550,,,,,TID
TMI,1365-3156,Tropical Medicine & International Health,3150,2100,2650,,,,,TMI
UOG,1469-0705,Ultrasound in Obstetrics & Gynecology,4050,2700,3400,,,,,UOG
VIPR,1522-2454,Vakuum in Forschung und Praxis,3000,2000,2500,,,,,VIPR
VCO,1476-5829,Veterinary and Comparative Oncology,3800,2550,3150,,,,,VCO
VRC2,2052-6121,Veterinary Record Case Reports,1100,798,911,750,599,675,,VRC2
VCP,1939-165X,Veterinary Clinical Pathology,3000,2000,2500,,,,,VCP
VDE,1365-3164,Veterinary Dermatology,3000,2000,2500,,,,,VDE
VOP,1463-5224,Veterinary Ophthalmology,3400,2250,2850,,,,,VOP
VRU,1740-8261,Veterinary Radiology & Ultrasound,3900,2600,3250,,,,,VRU
VETR,2042-7670,Veterinary Record,2915,2300,2630,,,,,VETR
VSU,1532-950X,Veterinary Surgery,3000,2000,2500,,,,,VSU
VJCH,2572-8288,Vietnam Journal of Chemistry,3000,2000,2500,,,,,VJCH
VAR,1548-7458,Visual Anthropology Review,3000,2000,2500,,,,,VAR
VOX,1423-0410,Vox Sanguinis,3600,2400,3000,,,,,VOX
WEJ,1747-6593,Water and Environment Journal,3100,2067,2583,,,,,WEJ
WER,1554-7531,Water Environment Research,2500,1870,2116,1875,1403,1587,,WER
WRCR,1944-7973,Water Resources Research,2700,2106,2538,,,,,WRCR
WEA,1477-8696,Weather,1500,1000,1250,1200,800,1000,,WEA
WBM,1445-6664,Weed Biology and Management,2750,1850,2300,,,,,WBM
WRE,1365-3180,Weed Research,3500,2350,2900,,,,,WRE
WMON,1938-5455,Wildlife Monographs,2750,2100,2500,,,,,WMON
WSB,1938-5463,Wildlife Society Bulletin,3300,2200,2750,,,,,WSB
WCS,1939-5086,Wiley Interdisciplinary Reviews - Cognitive Science,3400,2250,2850,,,,,WCS
WNAN,1939-0041,Wiley Interdisciplinary Reviews - Nanomedicine and Nanobiotechnology,3700,2450,3100,,,,,WNAN
WCMS,1759-0884,Wiley Interdisciplinary Reviews: Computational Molecular Science,4500,3000,3750,,,,,WCMS
WICS,1939-0068,Wiley Interdisciplinary Reviews: Computational Statistics,2500,1667,2083,,,,,WICS
WIDM,1942-4795,Wiley Interdisciplinary Reviews: Data Mining and Knowledge Discovery,3300,2200,2750,,,,,WIDM
WDEV,1759-7692,Wiley Interdisciplinary Reviews: Developmental Biology,4200,2800,3500,,,,,WDEV
WENE,2041-840X,Wiley Interdisciplinary Reviews: Energy and Environment,3600,2400,3000,,,,,WENE
WFS2,2573-9468,Wiley Interdisciplinary Reviews: Forensic Science,3000,2000,2500,,,,,WFS2
WRNA,1757-7012,Wiley Interdisciplinary Reviews: RNA,4000,2667,3333,,,,,WRNA
WSBM,1939-005X,Wiley Interdisciplinary Reviews: Systems Biology and Medicine,4000,2700,3300,,,,,WSBM
WAT2,2049-1948,Wiley Interdisciplinary Reviews: Water,3100,2050,2600,,,,,WAT2
WCC,1757-7799,WIREs Climate Change,4300,2850,3600,,,,,WCC
WENG,1467-971X,World Englishes,2600,1750,2150,,,,,WENG
WFP2,2372-8639,World Food Policy,3000,2000,2500,,,,,WFP2
WMH3,1948-4682,World Medical & Health Policy (Electronic),2500,1650,2100,,,,,WMH3
WWP2,2639-541X,World Water Policy,3000,2000,2500,,,,,WWP2
WVN,1741-6787,Worldviews on Evidence-Based Nursing,2650,1350,2000,,,,,WVN
WRR,1524-475X,Wound Repair and Regeneration,3300,2200,2750,2550,1700,2125,,WRR
XEN,1399-3089,Xenotransplantation,3700,2450,3100,,,,,XEN
XRS,1097-4539,X-Ray Spectrometry,3300,2200,2750,,,,,XRS
YEA,1097-0061,Yeast,3500,2350,2900,,,,,YEA
ZAMM,1521-4001,ZAMM - Journal of Applied Mathematics and Mechanics,2500,1667,2083,,,,,ZAMM
ZAAC,1521-3749,Zeitschrift für anorganische und allgemeine Chemie,3000,2000,2500,,,,,ZAAC
ZOO,1098-2361,Zoo Biology,3400,2267,2833,,,,,ZOO
ZSC,1463-6409,Zoologica Scripta,3000,2000,2500,,,,,ZSC
ZPH,1863-2378,Zoonoses and Public Health,4200,2800,3500,,,,,ZPH
ZYGO,1467-9744,Zygon® Journal of Religion and Science,2500,1650,2100,,,,,ZYGO
